epitope,vb_gene,cdr3b
BMLF,TRBV5-8*01,CASSLWTGSHEQYF
BMLF,TRBV14*02,CASSQSPGGEQYF
BMLF,TRBV4-1*02,CASSLTTEQQFF
BMLF,TRBV20-1*01,CSARDATGNGYTF
BMLF,TRBV20-1*01,CSARDSTGNGYTF
BMLF,TRBV20-1*01,CSARDRTGNGYTF
BMLF,TRBV20-1*01,CSARDSTGNGYTF
BMLF,TRBV29-1*03,CSARGQGDEQYF
BMLF,TRBV27*01,CASSSGAGLDEQFF
BMLF,TRBV14*01,CASSQSPGGTQYF
BMLF,TRBV10-2*01,CASGGSSYQETQYF
BMLF,TRBV29-1*02,CSVGSAGTNEKLFF
BMLF,TRBV2*03,CASSPGSTAPGELFF
BMLF,TRBV9*01,CASSVAQLAGGTDTQYF
BMLF,TRBV10-2*01,CASGGLSSYNEQFF
BMLF,TRBV9*01,CASSVVGGNEQFF
BMLF,TRBV2*03,CASTPGTVLPDTQYF
pp65,TRBV15*02,CATGRGGMIGEQYF
M1,TRBV19*01,CASSIRGSGEQYF
M1,TRBV19*01,CASSVRSSYEQYF
M1,TRBV19*01,CASSIRSSYEQYF
M1,TRBV19*01,CASSIRSTDTQYF
M1,TRBV19*01,CASSIRSAYEQYF
M1,TRBV19*01,CASSIRSSYEQYF
M1,TRBV19*01,CASSGRSTDTQYF
M1,TRBV19*01,CASSIRSSYEQYF
M1,TRBV19*01,CASSGRSADTQYF
M1,TRBV6-3*01,CASSYLEGSETQETQYF
M1,TRBV19*01,CASSIRSAHEQYF
M1,TRBV19*01,CASSGRSTDTQYF
M1,TRBV19*01,CASSIRSSYEQYF
M1,TRBV19*01,CASSIGVYGYTF
M1,TRBV19*01,CASSSRASYEQYF
M1,TRBV19*01,CASSGRSADTQYF
M1,TRBV19*01,CASSTRSSYEQYF
M1,TRBV19*01,CASSPRSGNEQFF
M1,TRBV19*01,CASSIRSSYEQYF
M1,TRBV19*01,CASSSRSSYEQYF
M1,TRBV19*01,CASSSRSSYEQYF
M1,TRBV19*01,CASSIRSSYEQYF
M1,TRBV19*01,CASSIRSSYEQYF
M1,TRBV19*01,CASSIRASYEQYF
M1,TRBV19*01,CASSTRSAYEQYF
M1,TRBV19*01,CASSYRSSYEQYF
M1,TRBV19*01,CASSVRSSYEQYF
M1,TRBV19*01,CASSLRSSYEQYF
M1,TRBV19*01,CASSMRSTDTQYF
M1,TRBV19*01,CASSPRSTDTQYF
M1,TRBV20-1*01,CSARGGDSVLRVGEQYF
M1,TRBV19*01,CASSPRGGMTQHF
M1,TRBV4-3*01,CASSQDLTSEAFF
M1,TRBV19*01,CASSIRASYEQYF
M1,TRBV19*01,CASSIRSAYEQYF
M1,TRBV19*01,CASSRRSTDTQYF
M1,TRBV19*01,CASSIRSAYEQYF
M1,TRBV19*01,CASSIRSAYEQYF
M1,TRBV19*01,CASSIRSSYEQYF
M1,TRBV19*01,CASSKRSTGELFF
M1,TRBV19*01,CASSIRSQVEQFF
M1,TRBV19*01,CASSIRSAGRAFF
M1,TRBV19*01,CASSIRSSYEQYF
M1,TRBV19*01,CASSIRSSYEQYF
M1,TRBV19*01,CASSLRSTDTQYF
M1,TRBV19*01,CASSWVSLDTQYF
M1,TRBV19*01,CASSIRSGYEQYF
BMLF,TRBV14*01,CASSQSPGGEQYF
BMLF,TRBV29-1*02,CSVGTGGTNEKLFF
BMLF,TRBV20-1*01,CSARDTTGNGYTF
BMLF,TRBV20-1*01,CSARDQTGNGYTF
BMLF,TRBV29-1*01,CSVEAVGDGIYNEQFF
BMLF,TRBV29-1*02,CSVGTGGTNEKLFF
BMLF,TRBV9*01,CASSVGGEAYEQYF
BMLF,TRBV3-2*03,CASSPDREGGDRGYNEQFF
BMLF,TRBV9*01,CASSVAGGDEQFF
BMLF,TRBV14*01,CASSQAPGGEQYF
BMLF,TRBV29-1*02,CSVGTGGTNEKLFF
BMLF,TRBV20-1*01,CSARDRTGNGYTF
BMLF,TRBV20-1*01,CSARDGTGNGYTF
BMLF,TRBV20-1*07,CSAEISGTQLYNEQFF
BMLF,TRBV27*01,CASSFGTFETQYF
BMLF,TRBV9*01,CASSVGGEAYEQYF
M1,TRBV6-1*01,CASSDGTGGILYEQYF
M1,TRBV19*01,CASSIRSSYEQYF
M1,TRBV6-5*01,CASTPQGAYEQYF
M1,TRBV19*01,CASSIRSSYEQYF
M1,TRBV9*01,CASSGQGGTEAFF
M1,TRBV12-4*02,CASSLRVSYNEQFF
M1,TRBV4-1*01,CASSQDKGRAYEQYF
M1,TRBV9*01,CASSVSGATADTQYF
M1,TRBV19*01,CASRLAGSHEQYF
M1,TRBV12-4*02,CASSLGDRPSTDTQYF
M1,TRBV19*01,CASSIRSSYEQYF
M1,TRBV19*01,CASSTRSSYEQYF
M1,TRBV19*01,CASSIRSSYEQYF
M1,TRBV7-9*01,CASSLTLVFEAFF
M1,TRBV19*01,CASSIRSSYEQYF
M1,TRBV20-1*07,CSAAGLAGGSYEQYF
M1,TRBV19*01,CASSIRSSYEQYF
M1,TRBV19*01,CASSIRSSYEQYF
M1,TRBV2*03,CASSVRTGYTEAFF
M1,TRBV5-4*01,CASSSEASGENF
M1,TRBV19*01,CASSIRSAYEQYF
M1,TRBV19*01,CASSIRSSYEQYF
M1,TRBV19*01,CASSIRSSYEQYF
M1,TRBV19*01,CASSIRSAYEQYF
M1,TRBV19*01,CASSIRSSYEQYF
M1,TRBV19*01,CASSIRSSYEQYF
M1,TRBV19*01,CASSIRSSYEQYF
M1,TRBV7-6*01,CASSLGTSYEQYF
M1,TRBV19*01,CASSIRSGYEQYF
M1,TRBV19*01,CASSIRSSYEQYF
M1,TRBV19*01,CASSIRSAYEQYF
M1,TRBV19*01,CASSIRASYEQYF
M1,TRBV27*01,CASRGSLNQPQHF
M1,TRBV27*01,CASSPTRPVEQYF
M1,TRBV7-2*04,CASSRGQLYEQYF
M1,TRBV19*01,CASSSRSAYEQYF
M1,TRBV19*01,CASSIRSSYEQYF
M1,TRBV19*01,CASSIRSSYEQYF
M1,TRBV6-6*03,CASTTGTVNTEAFF
M1,TRBV19*01,CASSIRSSYEQYF
M1,TRBV13*01,CASSSRQGAANEKLFF
M1,TRBV19*01,CAPLKGSSYEQYF
M1,TRBV19*03,CASSVRSSYEQYF
M1,TRBV19*02,CASSLRSTDTQYF
M1,TRBV19*02,CASSIRSTDTQYF
M1,TRBV19*03,CASSGRSTDTQYF
M1,TRBV19*02,CASSIGTYGYTF
M1,TRBV19*02,CASSIGLYGYTF
M1,TRBV19*02,CASSIGYYGYTF
M1,TRBV19*02,CASSIRSSYEQYF
M1,TRBV19*02,CASSVRSSYEQYF
M1,TRBV19*02,CASSIRSSYEQYF
M1,TRBV19*02,CASSIRSSYEQYF
M1,TRBV19*02,CASSIRSSYEQYF
M1,TRBV19*02,CASSIRSSYEQYF
M1,TRBV19*02,CASSIGYYGYTF
M1,TRBV19*02,CASSIRSAYEQYF
M1,TRBV19*02,CASSIRSSYEQFF
M1,TRBV19*02,CASSIRSSYEQYF
M1,TRBV19*02,CASSIRSSYEQYF
M1,TRBV19*02,CASSSRSSYEQYF
M1,TRBV19*02,CASSVRSSYEQYF
M1,TRBV19*02,CASSTRSSYEQYF
M1,TRBV19*02,CASSIRAADTQYF
pp65,TRBV12-4*01,CASSFIGGVDGYTF
pp65,TRBV12-4*01,CASSIVNEAFF
pp65,TRBV12-4*01,CASSLPPGRGYTEAFF
pp65,TRBV12-4*02,CASSIVNEAFF
BMLF,TRBV29-1*02,CSVGTQGTNEKLFF
BMLF,TRBV20-1*01,CSARDRVGNGYTF
BMLF,TRBV29-1*02,CSVGAGGTNEKLFF
BMLF,TRBV20-1*01,CSARDGTGNGYTF
BMLF,TRBV29-1*03,CSGREDSTNEKLFF
BMLF,TRBV20-1*07,CSARLRELSGNTIYF
BMLF,TRBV29-1*02,CSVGAIMDEQFF
M1,TRBV19*02,CASSMRSAGELFF
M1,TRBV19*02,CASSIMGSGNTIYF
M1,TRBV19*02,CASSIRSSYEQYF
M1,TRBV19*02,CASSIRSSYEQYF
M1,TRBV19*02,CASSILSNTEAFF
M1,TRBV19*02,CASSIGSYGYTF
M1,TRBV19*03,CASRSGREAFF
M1,TRBV19*02,CASSIRSAYEQYF
M1,TRBV19*02,CASSIRSSYEQYF
M1,TRBV19*02,CASSIRSSYEQYF
M1,TRBV19*02,CASSIRSSYEQYF
M1,TRBV19*02,CASSIRSSYEQYF
M1,TRBV19*03,CASSGRSAGELFF
M1,TRBV19*03,CASSIRSSYEQYF
M1,TRBV6-1*01,CASSEAISGAWDEQFF
M1,TRBV6-3*01,CASSYGLEQFF
M1,TRBV19*01,CASSIRSSYEQYF
M1,TRBV19*01,CATQGDNTYEQYF
M1,TRBV27*01,CASSSPTSGDYEQYF
M1,TRBV5-4*04,CASSGGRNQPQHF
M1,TRBV27*01,CASSPLIGEQYF
M1,TRBV19*01,CASSIRSSYEQYF
M1,TRBV20-1*01,CSARVRGDVYGYTF
M1,TRBV4-1*02,CASSQVEAFYEQYF
M1,TRBV28*01,CASSLERNTYEQYF
M1,TRBV4-1*01,CASSQDPGYEQYF
M1,TRBV6-5*01,CASSYSGHVNTEAFF
M1,TRBV20-1*01,CSARDGTRAHYEQFF
M1,TRBV19*01,CASSIFGGAEAFF
M1,TRBV19*01,CASSIRSSYEQYF
M1,TRBV14*01,CASSQDWGAGTQYF
pp65,TRBV25-1*01,CATEQGMHEQYF
pp65,TRBV6-5*01,CASSPITGTGAYGYTF
pp65,TRBV6-5*01,CASSAQTGASYGYTF
pp65,TRBV12-4*01,CASSSVSGYTF
pp65,TRBV30*01,CAWSISDLAKNIQYF
pp65,TRBV30*01,CAWSISDLAKNIQYF
pp65,TRBV6-5*01,CASSWKTGTGGTGYTF
pp65,TRBV6-5*01,CASSPSTGVTFYGYTF
pp65,TRBV30*01,CAWSISDLAKNIQYF
pp65,TRBV30*01,CAWSISDLAKNIQYF
pp65,TRBV6-5*01,CASSPSTGVTFYGYTF
pp65,TRBV30*01,CAWSISDLAKNIQYF
pp65,TRBV20-1*07,CSAPPAGEYSNQPQHF
pp65,TRBV20-1*01,CSARDPSGLAGGLAETQYF
M1,TRBV19*02,CASSGRAAGELFF
M1,TRBV19*02,CASSIRSGYEQYF
M1,TRBV19*02,CASSVRSSYEQYF
M1,TRBV19*02,CASSISSTGELFF
M1,TRBV19*02,CASSIRSTGELFF
M1,TRBV19*03,CASSIRATGELFF
M1,TRBV19*02,CASSIRASYEQYF
M1,TRBV19*02,CASSSRSGNEKLFF
M1,TRBV19*02,CASSIRSSYEQYF
M1,TRBV19*02,CASSIRSSYEQYF
M1,TRBV19*03,CASSPPPGAVETQYF
M1,TRBV19*02,CASSIGVYGYTF
M1,TRBV19*02,CASSVRSSYEQYF
M1,TRBV19*03,CASSSRSAGELFF
M1,TRBV19*02,CASSIRSTGELFF
M1,TRBV19*02,CASSVRSSYEQYF
M1,TRBV19*02,CASSARSTDTQYF
pp65,TRBV9*01,CASSVEGTSGRSYNEQFF
pp65,TRBV2*03,CASSSSGRDYEQYF
pp65,TRBV6-1*01,CASSEESGRAAEQYF
pp65,TRBV6-5*01,CASSKGEVTEAFF
pp65,TRBV6-1*01,CASSDAENTEAFF
pp65,TRBV6-1*01,CASSGTDSNQPQHF
pp65,TRBV6-1*01,CASSETSGRSPYEQYF
pp65,TRBV9*01,CASSVASGRAHEQYF
pp65,TRBV19*01,CATSDRTSATEAFF
pp65,TRBV28*01,CASSGRWTAYNEQFF
pp65,TRBV6-3*01,CASSPGLASPYSYNEQFF
pp65,TRBV6-4*02,CASSVTPSSYNEQFF
pp65,TRBV4-1*02,CASSQGLGREGASEQFF
pp65,TRBV20-1*01,CSARDRNTQGPETQYF
pp65,TRBV27*01,CASSSDPSGGGYNEQFF
pp65,TRBV13*02,CASSDDRVRYGYTF
pp65,TRBV7-9*01,CASSFPKDGSTYEQYF
pp65,TRBV9*01,CASSAGSGSGYNEQFF
pp65,TRBV12-4*02,CASGPLLLMTNEQFF
pp65,TRBV6-5*01,CASGPGTSATDTQYF
pp65,TRBV12-4*02,CASSFAHLSYNEQFF
pp65,TRBV6-6*01,CASSYTLASYEQYF
pp65,TRBV19*01,CASGEGGELFF
pp65,TRBV4-1*02,CASSAGGGSYNEQFF
pp65,TRBV28*01,CASTLWSATNEKLFF
pp65,TRBV15*01,CATSRDLAEVNTEAFF
pp65,TRBV6-3*01,CASSYSWTGSNYGYTF
pp65,TRBV7-9*01,CASSTRTGQETQYF
M1,TRBV5-6*01,CASSSRSRQYRGSSYEQYF
M1,TRBV28*01,CASSQMTGLNTEAFF
M1,TRBV27*01,CASSLFPGFGEQYF
M1,TRBV24/OR9-2*01,CATSDFEVAGSSYNEQFF
M1,TRBV19*02,CASSIRSSYEQYF
M1,TRBV27*01,CASSLIFPSGEQYF
M1,TRBV25-1*01,CASSSQSNQPQHF
pp65,TRBV20-1*01,CSARDGLAGHYEQYF
pp65,TRBV12-4*02,CASASANYGYTF
pp65,TRBV27*01,CASSMTSGALYNEQFF
M1,TRBV19*01,CASSMRAGYEQYF
M1,TRBV19*01,CASSSRATGELFF
M1,TRBV19*01,CASSFYSNQPQHF
M1,TRBV19*01,CASSIRASYEQYF
M1,TRBV19*01,CASSIRSSYEQYF
M1,TRBV19*03,CASRIDSNQPQHF
M1,TRBV19*01,CASSDRATQPQHF
M1,TRBV19*01,CASSIRSSYEQYF
M1,TRBV19*01,CASSIRSSYEQYF
M1,TRBV19*01,CASSIRSSYEQYF
M1,TRBV19*01,CASSIRSSYEQYF
M1,TRBV19*01,CASSIRSSYEQYF
M1,TRBV19*01,CASSIRSGWEQYF
M1,TRBV19*01,CASSIRSDYEQYF
M1,TRBV19*01,CASSIRSSVEQFF
M1,TRBV19*01,CASSIRSSYEQYF
M1,TRBV19*01,CASSLRSSYEQYF
M1,TRBV19*01,CASSIRSSYEQYF
M1,TRBV19*01,CASSIRSSYEQYF
M1,TRBV19*01,CASSSRSTDTQYF
M1,TRBV19*01,CASSIRSSGPQFF
M1,TRBV19*01,CASSIRSSYEQYF
M1,TRBV19*01,CASSIRASYEQYF
M1,TRBV19*01,CASSDRSGNEQFF
M1,TRBV19*01,CASSIRSSYEQYF
M1,TRBV19*01,CASSIRSSYEQYF
M1,TRBV19*01,CASSIRATGELFF
M1,TRBV19*01,CASSIRSAYEQYF
M1,TRBV19*01,CASSTRAAYEQYF
M1,TRBV19*01,CASSIRSAYEQYF
M1,TRBV19*01,CASSIRSSYEQYF
M1,TRBV19*01,CASSIRSSYEQYF
M1,TRBV19*01,CASGGLVHEQFF
M1,TRBV19*01,CASSMRSGETQYF
M1,TRBV19*01,CASSQGAFGYTF
M1,TRBV19*01,CASSDRAGNEQFF
M1,TRBV19*01,CASSIRASYEQYF
M1,TRBV19*01,CASSIRSSYEQYF
M1,TRBV19*01,CASSIRASYEQYF
M1,TRBV19*01,CASSIRSSETQYF
M1,TRBV19*01,CASSGRSTDTQYF
M1,TRBV19*01,CASSIRSSYEQYF
M1,TRBV19*01,CASSFRSSYEQYF
M1,TRBV19*01,CASSTRSTDTQYF
M1,TRBV19*01,CASSIRSAYEQYF
M1,TRBV19*01,CASSIRASYEQYF
M1,TRBV19*01,CASSIRSSYEQYF
M1,TRBV19*01,CASSVRSSYEQYF
M1,TRBV19*01,CASSMRSDEKLFF
M1,TRBV19*01,CASSIRSSYEQYF
M1,TRBV19*01,CASSIRSSYEQFF
BMLF,TRBV29-1*02,CSVGAGGTNEKLFF
BMLF,TRBV20-1*01,CSARDTVGNGYTF
BMLF,TRBV29-1*02,CSVPGLAVPGELFF
BMLF,TRBV29-1*02,CSVGSGGTNEKLFF
BMLF,TRBV19*02,CASSLSGGINEQFF
BMLF,TRBV20-1*01,CSARDSTGNGYTF
BMLF,TRBV19*02,CASSLWGGINEQFF
BMLF,TRBV29-1*02,CSVGTGGTNEKLFF
BMLF,TRBV29-1*02,CSVPITVQETQYF
BMLF,TRBV29-1*02,CSVGSGGTNEKLFF
BMLF,TRBV29-1*02,CSVPITVQETQYF
BMLF,TRBV2*03,CASSAGQVSPGELFF
BMLF,TRBV20-1*01,CSARDRTGNGYTF
BMLF,TRBV29-1*02,CSVPGTVQETQYF
BMLF,TRBV20-1*01,CSARDSTGNGYTF
BMLF,TRBV20-1*01,CSARDSTGNGYTF
BMLF,TRBV20-1*01,CSARDGTGNGYTF
BMLF,TRBV20-1*01,CSARDSTGNGYTF
M1,TRBV25-1*01,CASSDAGGGMAEAFF
M1,TRBV27*01,CASSLSRRGPNYGYTF
M1,TRBV6-5*01,CASSKQTGTGNYGYTF
M1,TRBV19*01,CASSISSGSYNEQFF
M1,TRBV19*01,CASSTKVGGTGELFF
M1,TRBV9*01,CASSVEDYGSVSYGYTF
M1,TRBV20-1*07,CSANSDRVSYNEQFF
M1,TRBV10-2*01,CASSLLGGAGTDTQYF
M1,TRBV4-1*02,CASSPRDGQETQYF
M1,TRBV19*02,CASSIRSSYEQYF
M1,TRBV19*02,CASSTRSGYEQYF
M1,TRBV19*02,CASSSRSSYEQYF
M1,TRBV19*02,CASSIRSSYEQYF
M1,TRBV19*02,CASSKRSTDTQYF
M1,TRBV19*02,CASSIRSGVEQYF
M1,TRBV19*02,CASSIRSSYEQYF
M1,TRBV19*03,CASSILTGPRTEAFF
M1,TRBV19*02,CASSTRSTDTQYF
M1,TRBV19*02,CASSSRSSYEQYF
M1,TRBV19*02,CASSIGLYGYTF
M1,TRBV19*02,CASSFRSTDTQYF
M1,TRBV19*02,CASSSRSAYEQYF
M1,TRBV19*03,CASSVRSSYEQYF
M1,TRBV19*02,CASSSRSANEQFF
M1,TRBV19*02,CASSPRASLEQYF
M1,TRBV19*02,CASSIGLYGYTF
M1,TRBV19*02,CASSFRSTDTQYF
M1,TRBV19*02,CASSIAPTDTQYF
M1,TRBV19*03,CASSGRSTDTQYF
M1,TRBV19*02,CASSIRSAYEQYF
pp65,TRBV12-4*01,CASASANYGYTF
pp65,TRBV28*01,CAVNGGSNYGYTF
pp65,TRBV30*01,CAWSVSDVANTEAFF
pp65,TRBV2*03,CASSYFDEKLFF
BMLF,TRBV14*01,CASSQSPGGQQFF
BMLF,TRBV29-1*02,CSVGSDGTNEKLFF
BMLF,TRBV20-1*01,CSARDSTGNGYTF
BMLF,TRBV20-1*01,CSARVEPGNGYTF
BMLF,TRBV3-2*03,CASSPVSGSSYEQYF
BMLF,TRBV20-1*01,CSARDSTGNGYTF
BMLF,TRBV7-8*03,CASSISGDYGYTF
pp65,TRBV20-1*07,CSATDVTKGQLISGYTF
pp65,TRBV27*01,CASSLEGYTEAFF
pp65,TRBV6-5*01,CASSYQTGTGVYGYTF
BMLF,TRBV20-1*01,CSARDRTGNGYTF
BMLF,TRBV20-1*01,CSARDGTGNGYTF
BMLF,TRBV20-1*07,CSAEPGTSGGLQYF
BMLF,TRBV9*02,CASSTYSGQSYGYTF
BMLF,TRBV11-2*03,CASSFSSGTTDTQYF
BMLF,TRBV6-4*02,CASSVWTGHDEQFF
BMLF,TRBV4-2*01,CASSQAGLAAYNEQFF
BMLF,TRBV11-2*03,CASSYAYDGSYEQYF
BMLF,TRBV20-1*01,CSARDRVGNTIYF
BMLF,TRBV29-1*02,CSVTGDRRSNQPQHF
BMLF,TRBV20-1*01,CSARDRVGNTIYF
M1,TRBV12-4*02,CASSSANYGYTF
M1,TRBV24/OR9-2*01,CATSDGLAGGWANVLTF
M1,TRBV12-5*01,CASGLVPGGLVYEQYF
M1,TRBV28*01,CASSLLVSGVSSTDTQYF
M1,TRBV3-2*02,CASSQDLAGEGTDTQYF
M1,TRBV6-3*01,CASSYPLLYSGANTGELFF
M1,TRBV14*01,CASSPIAGSSYEQYF
M1,TRBV24/OR9-2*01,CATSDYVSGTLQETQYF
M1,TRBV9*01,CASSVVASSYNEQFF
M1,TRBV15*02,CATSERGDLNFGTDTQYF
M1,TRBV7-8*01,CASSYGIAGKETQYF
M1,TRBV5-6*01,CASSPLSLGSPYNEQFF
M1,TRBV9*01,CASSTIEGQGGRHTQYF
M1,TRBV28*01,CASRPPPAGQKETQYF
M1,TRBV24/OR9-2*01,CATSDFPPGVRGAPQETQYF
M1,TRBV12-4*01,CASSQTYEQYF
pp65,TRBV4-1*01,CASSQEEGPGNQPQHF
pp65,TRBV12-4*01,CASSIQALLTF
pp65,TRBV12-4*01,CASSSAYYGYTF
pp65,TRBV12-4*01,CATAITSTQYF
M1,TRBV5-6*01,CASSWEGINYGYTF
M1,TRBV18*01,CASSRVGTTYEQYF
M1,TRBV19*03,CASGAGGPLNEQFF
M1,TRBV6-4*02,CASSDHPGSRELWKHHIF
M1,TRBV19*02,CASSTRSTDTQYF
M1,TRBV19*02,CASSMRSSYEQYF
M1,TRBV19*02,CASSIGVYGYTF
M1,TRBV19*02,CASSIRSSYEQYF
M1,TRBV19*02,CASSLGIYGYTF
M1,TRBV19*03,CASSVRAGETQYF
M1,TRBV19*02,CASSIRSTGELFF
M1,TRBV19*02,CASSIFSGGQNIQYF
