epitope	vb_gene	cdr3b
PA	TRBV13-1*02	CASSDFDWGGDAETLYF
PA	TRBV29*01	CASSPDRGEVFF
PA	TRBV29*01	CASTGGGAPLF
PA	TRBV2*01	CASSQDPGDYEQYF
PA	TRBV29*01	CASSLGGENTLYF
PA	TRBV29*01	CASDRAGEQYF
PA	TRBV29*01	CASSLDRGEVFF
PA	TRBV29*01	CASSLSGYEQYF
PA	TRBV29*01	CASDGGERLFF
PA	TRBV19*01	CASSMGAEQFF
PA	TRBV13-3*01	CASSGLGGQAEQFF
PA	TRBV5*01	CASSQEDSDTGQLYF
PA	TRBV5*01	CASSQDFEQYF
PA	TRBV19*01	CASSIARWDSYEQYF
PA	TRBV19*03	CASSWGSEVFF
PA	TRBV31*01	CAWSLSFNQDTQYF
PA	TRBV29*01	CASSLGGEVFF
PA	TRBV2*01	CASSQAGDSYEQYF
PA	TRBV13-3*01	CASTDSNERLFF
PA	TRBV1*01	CTCSADENTLYF
PA	TRBV29*01	CASSLSGYEQYF
PA	TRBV19*01	CASSIGGEVFF
PA	TRBV14*01	CASSFWGALVQNTLYF
PA	TRBV4*01	CASYGTGQNTLYF
PA	TRBV29*01	CASAGGDEQYF
PA	TRBV29*01	CASSSGREVFF
PA	TRBV19*01	CASSIARWDSYEQYF
PA	TRBV29*01	CASSWGDEQYF
PA	TRBV29*01	CASSLDRGEVFF
PA	TRBV29*01	CASSSYEQYF
PA	TRBV29*01	CASSWDRGEVFF
PA	TRBV31*01	CAWSLSFNQDTQYF
PA	TRBV29*01	CASSPTGEVFF
PA	TRBV29*01	CASTDTGQLYF
PA	TRBV29*01	CASSLTDEQYF
NP	TRBV13-1*02	CASSGGPNTGQLYF
NP	TRBV13-1*02	CASSGGANTGQLYF
NP	TRBV13-1*02	CASSGKQNTSQFTF
NP	TRBV29*01	CASSLKQGRSDYTF
m139	TRBV26*01	CASSWDRNTGQLYF
m139	TRBV19*03	CASSGTGGYTEVFF
m139	TRBV13-3*01	CASSAGTTEVFF
m139	TRBV13-1*02	CASSVDRFNQDTQYF
m139	TRBV13-2*04	CASGEANTEVFF
m139	TRBV4*01	CASSLTGKDTQYF
m139	TRBV4*01	CASSPRTGGANQDTQYF
m139	TRBV15*01	CASSFDRGDTQYF
m139	TRBV13-1*02	CASSGGSAETLYF
m139	TRBV13-3*01	CASSAGTTEVFF
m139	TRBV15*01	CASRTDNNQAPLF
m139	TRBV4*01	CASSLTGDAEQFF
m139	TRBV13-2*04	CASGDRGDTEVFF
m139	TRBV13-3*01	CASSAGTTEVFF
M38	TRBV1*01	CTCSAGTGGYNYAEQFF
M38	TRBV13-3*01	CASSAGTGGYNYAEQFF
M38	TRBV1*01	CTCSAGTGGFNYAEQFF
M38	TRBV13-3*01	CASGGNYAEQFF
M38	TRBV4*01	CASSPGTGGYNYAEQFF
M38	TRBV1*01	CTCSAGTGGYNYAEQFF
M38	TRBV14*01	CATGTGSSAETLYF
M38	TRBV13-1*02	CASSGGTGGFNYAEQFF
M38	TRBV1*01	CTCSDGTGGYNYAEQFF
M38	TRBV1*01	CTCSPGTGGVNYAEQFF
M38	TRBV1*01	CTCSAGTGGYNYAEQFF
M38	TRBV1*01	CTCSAGTGGYNYAEQFF
M38	TRBV13-1*02	CASSGGTGGFNYAEQFF
M38	TRBV4*01	CASSPGTGGYNYAEQFF
PB1	TRBV30*01	CSSSQSSAETLYF
PB1	TRBV15*01	CASSLPDSQNTLYF
PB1	TRBV14*01	CASSGQSNERLFF
PB1	TRBV15*01	CASSFPDSAETLYF
PB1	TRBV15*01	CASSQDSAETLYF
PB1	TRBV29*01	CASKGRTSAETLYF
PB1	TRBV4*01	CASSPDSAETLYF
PB1	TRBV14*01	CASSPDSAETLYF
PB1	TRBV31*02	CAWTHLSNERLFF
PB1	TRBV13-3*01	CASSEMGGVSEQYF
PB1	TRBV5*01	CASSQDTFEQYF
PB1	TRBV13-3*01	CASRYNERLFF
PB1	TRBV14*01	CASSFSSAETLYF
PB1	TRBV19*03	CASTSDSAETLYF
PB1	TRBV13-1*02	CASSGDSAETLYF
PB1	TRBV5*01	CASSQDSAETLYF
PB1	TRBV5*01	CASSQDSAETLYF
PB1	TRBV14*01	CASSYSSNERLFF
PB1	TRBV30*01	CSSKGGSAETLYF
PB1	TRBV31*02	CAHTGGSSAETLYF
PB1	TRBV15*01	CASSDDSAETLYF
PB1	TRBV13-3*01	CASRYNERLFF
PB1	TRBV14*01	CASSFLDSAETLYF
PB1	TRBV13-1*02	CASSEGRGGSDYTF
PB1	TRBV17*01	CASSSPAEQYF
PB1	TRBV16*01	CASSSRQGGSAETLYF
PB1	TRBV13-2*04	CASGGRDSAETLYF
PB1	TRBV4*01	CASSGDSNERLFF
PB1	TRBV26*01	CASSLGVNERLFF
PB1	TRBV5*04	CASSPDSAETLYF
PB1	TRBV16*01	CASSGGTGASAETLYF
PB1	TRBV5*01	CASSQDSAETLYF
PB1	TRBV14*01	CASSFRDSAETLYF
PB1	TRBV19*01	CAIQTGSAETLYF
PB1	TRBV17*01	CASSSRGSNTEVFF
PB1	TRBV31*02	CAWSGDSAETLYF
PB1	TRBV13-2*04	CASGDLREEDTQYF
PB1	TRBV4*01	CASSGTSAETLYF
PB1	TRBV13-3*01	CASTKSNTEVFF
PB1	TRBV14*01	CASSWDSAETLYF
PB1	TRBV12-2*01	CASSHDSAETLYF
PB1	TRBV13-2*04	CASGGDSSAETLYF
PB1	TRBV4*01	CASSPDSAETLYF
PB1	TRBV14*01	CASSPGQEQYF
PB1	TRBV5*04	CASSPDSAETLYF
PB1	TRBV12-1*02	CASSGESAETLYF
PA	TRBV29*01	CASSLDRAEVFF
PA	TRBV29*01	CASSLDRGEQYF
PA	TRBV29*01	CASSWGDEQYF
PA	TRBV29*01	CASSTGDEQYF
PA	TRBV29*01	CASTQGGAPLF
PB1	TRBV13-2*04	CASGGSSAETLYF
PB1	TRBV19*03	CASSPPDSAETLYF
PB1	TRBV12-2*01	CASSLPDSAETLYF
PB1	TRBV14*01	CASRGQTSAETLYF
PB1	TRBV1*01	CTCSGLDSAETLYF
PB1	TRBV3*01	CASSSNSDYTF
PB1	TRBV13-2*04	CASGGESAETLYF
PB1	TRBV15*01	CASSLPDSQDTQYF
PB1	TRBV14*01	CASSRDSAETLYF
PB1	TRBV12-2*01	CASSLDQGEGNTLYF
PB1	TRBV13-2*04	CASGEDSAETLYF
PB1	TRBV12-1*02	CASSGESAETLYF
PB1	TRBV16*01	CASSFDSYEQYF
PB1	TRBV14*01	CASGGGSNERLFF
PB1	TRBV14*01	CASSFTSSAETLYF
NP	TRBV20*01	CGARDHRGSQYF
NP	TRBV16*01	CASSLARDEQYF
NP	TRBV2*01	CASGQDRRNSYNSPLYF
NP	TRBV2*01	CASSQDRRNSYNSPLYF
NP	TRBV13-1*02	CASSGGANTGQLYF
NP	TRBV2*01	CASSQDRRNSYNSPLYF
M45	TRBV29*01	CASSYQGDYAEQFF
M45	TRBV17*01	CASSRLGTSAETLYF
M45	TRBV12-1*01	CASSRTGDYAEQFF
M45	TRBV17*01	CASSELGSSAETLYF
M45	TRBV13-3*01	CASIPGQANTEVFF
M45	TRBV12-1*01	CASSLVLGDAETLYF
M45	TRBV29*01	CASSLRGDNSPLYF
M45	TRBV12-1*01	CASSLELGDYAEQFF
M45	TRBV17*01	CASSSMGGSAETLYF
M45	TRBV12-1*02	CASSLTSNSDYTF
M45	TRBV12-1*01	CASSLLGDSYEQYF
M45	TRBV17*01	CASSGLGSSAETLYF
M45	TRBV17*01	CASSRLGTSAETLYF
M45	TRBV17*01	CASSGLGSSAETLYF
M45	TRBV12-1*02	CASSPSNQDTQYF
M45	TRBV17*01	CASSQNYAEQFF
M45	TRBV12-1*01	CASSLGSQNTLYF
M45	TRBV19*01	CASSIRDWGEEQYF
PB1	TRBV13-2*04	CASGGDWGGSYEQYF
PB1	TRBV4*01	CASSWDSNERLFF
PB1	TRBV13-2*04	CASGEDSAETLYF
PB1	TRBV19*03	CASSGTSNERLFF
PB1	TRBV15*01	CASSGDSAETLYF
PB1	TRBV14*01	CASSGDSAETLYF
PB1	TRBV14*01	CASSRDSAETLYF
PB1	TRBV13-1*02	CASSEPDSAETLYF
PB1	TRBV20*01	CGARDGWDSAETLYF
PB1	TRBV13-1*02	CASSGQDSAETLYF
PB1	TRBV31*02	CAWTGSSAETLYF
PB1	TRBV1*01	CTCSGRDSAETLYF
PB1	TRBV19*03	CASRGTDSAETLYF
PB1	TRBV4*01	CASSRDSAETLYF
PB1	TRBV4*01	CASAGTSAETLYF
PB1	TRBV26*01	CASSVDSAETLYF
PB1	TRBV13-3*01	CASSDARGEHERLFF
PB1	TRBV4*01	CASSWESAETLYF
PB1	TRBV13-2*04	CASGGSSAETLYF
PB1	TRBV14*01	CASSGESAETLYF
PB1	TRBV1*01	CTCSGDSSAETLYF
NP	TRBV2*01	CASSQDRRNSYNSPLYF
NP	TRBV13-1*02	CASSGGSNTGQLYF
NP	TRBV16*01	CASSFVLNNQAPLF
NP	TRBV13-1*02	CASSDHRNTEVFF
NP	TRBV19*03	CASRDFSQNTLYF
NP	TRBV17*01	CASSRDQAGYAEQFF
NP	TRBV13-3*01	CASRDWESSYEQYF
NP	TRBV13-1*02	CASKAGGSTGQLYF
NP	TRBV16*01	CASSLTAISNERLFF
NP	TRBV2*01	CASSQDRRNSYNSPLYF
NP	TRBV13-3*01	CASRDWESSYEQYF
NP	TRBV2*01	CASSQDRRNSYNSPLYF
NP	TRBV2*01	CASSQDRRNSYNSPLYF
NP	TRBV5*04	CASSPWGGADQNTLYF
NP	TRBV13-2*01	CASGEDWGKDTQYF
NP	TRBV5*04	CASSRDWGDAEQFF
NP	TRBV13-1*02	CASSDHRNTEVFF
NP	TRBV5*01	CASSQDLGGRYEQYF
NP	TRBV13-3*01	CASRDWESSYEQYF
NP	TRBV5*04	CASSQGLGGRGEQYF
NP	TRBV2*01	CLSIQDRRVSYNSPLYF
NP	TRBV13-1*02	CASSGGSNTGQLYF
PB1	TRBV12-2*02	CASSGDSSAETLYF
PB1	TRBV17*01	CASSRDSAETLYF
PB1	TRBV14*01	CASSYSSAETLYF
PB1	TRBV15*01	CASSGDSAETLYF
PB1	TRBV15*01	CASSSDSAETLYF
PB1	TRBV12-1*01	CASSLDSAETLYF
NP	TRBV5*01	CASSQEDWGSAETLYF
NP	TRBV13-1*02	CASSGGQGNYAEQFF
NP	TRBV12-1*02	CASSTRGAEQFF
PB1	TRBV19*03	CASSDSSAETLYF
PB1	TRBV26*01	CASTGDSAETLYF
PB1	TRBV4*01	CASSGDSAETLYF
PB1	TRBV5*01	CASSQDSAETLYF
PB1	TRBV5*04	CASSSDSAETLYF
PB1	TRBV4*01	CASSYSSAETLYF
PB1	TRBV14*01	CASNPVDSAETLYF
PB1	TRBV14*01	CASSPDSAETLYF
PB1	TRBV19*03	CASTGTSNERLFF
PB1	TRBV4*01	CASSGDSNERLFF
PB1	TRBV4*01	CASSWDSAETLYF
PB1	TRBV30*01	CSSSRDSAETLYF
PB1	TRBV13-2*04	CASGGTDSAETLYF
PB1	TRBV17*01	CASSRDSAETLYF
PB1	TRBV19*01	CASSTDSAETLYF
PB1	TRBV4*01	CASSGDSNERLFF
PB1	TRBV14*01	CASSFRDSAETLYF
PB1	TRBV12-1*02	CASSNDSAETLYF
PB1	TRBV14*01	CASSGHSAETLYF
PB1	TRBV3*01	CASSSPTDSAETLYF
PB1	TRBV5*04	CASSHDSAETLYF
PB1	TRBV14*01	CASSRDSAETLYF
PB1	TRBV4*01	CASSWDSAETLYF
PB1	TRBV19*03	CASRTTSAETLYF
PB1	TRBV15*01	CASSRDSAETLYF
PB1	TRBV14*01	CASSGDSAETLYF
PB1	TRBV15*01	CASSLPDSQDTQYF
PB1	TRBV15*01	CASSGDSAETLYF
PB1	TRBV5*01	CASSQDSAETLYF
PB1	TRBV15*01	CASSLPDSQDTQYF
PB1	TRBV19*03	CASRGTDSAETLYF
PB1	TRBV14*01	CASSGNSAETLYF
PB1	TRBV5*01	CASSQDSAETLYF
PB1	TRBV19*03	CASRGQDSAETLYF
PB1	TRBV17*01	CASSRDSAETLYF
PB1	TRBV15*01	CASSSDSAETLYF
PB1	TRBV29*01	CASPPTGGSSAETLYF
PB1	TRBV15*01	CASSRDSAETLYF
PB1	TRBV17*01	CASSRDSAETLYF
PB1	TRBV19*03	CASSRDSAETLYF
PB1	TRBV13-2*04	CASGRDSAETLYF
PB1	TRBV4*01	CASSPDSAETLYF
PB1	TRBV19*03	CASSSTSAETLYF
PB1	TRBV29*01	CASSLVDSAETLYF
PB1	TRBV13-2*04	CASGGADSAETLYF
PB1	TRBV14*01	CACSGADSAETLYF
PB1	TRBV12-2*02	CASSADSAETLYF
PB1	TRBV13-2*04	CASGGRDSAETLYF
PB1	TRBV15*01	CASSPPDSAETLYF
PB1	TRBV29*01	CASPGTSAETLYF
PB1	TRBV19*03	CASSRDSAETLYF
PB1	TRBV13-1*02	CASSGDSAETLYF
PB1	TRBV4*01	CASSSNSAETLYF
PB1	TRBV4*01	CASSRDSAETLYF
PB1	TRBV13-2*04	CASGGQESAETLYF
PB1	TRBV19*01	CASSIDSAETLYF
PB1	TRBV31*01	CAWSLGDSAETLYF
PB1	TRBV13-2*04	CASGDDSAETLYF
PB1	TRBV13-3*01	CASRGGESAETLYF
PB1	TRBV1*01	CTCSGDSAETLYF
PB1	TRBV15*01	CASSGDSAETLYF
PB1	TRBV13-2*04	CASGDDSAETLYF
PB1	TRBV19*03	CASSSGSAETLYF
PB1	TRBV13-2*04	CASGGVDSSETLYF
PB1	TRBV13-1*02	CASSGDSAETLYF
PB1	TRBV13-2*04	CASGGEVSNERLFF
PB1	TRBV14*01	CALGTGKSAETLYF
PB1	TRBV3*01	CASSPLLGGQDTQYF
PB1	TRBV13-2*04	CASGGDSAETLYF
PB1	TRBV26*01	CASSLSQNTEVFF
PB1	TRBV4*01	CASSRDSAETLYF
PB1	TRBV14*01	CACYGADGAETLYF
PB1	TRBV4*01	CASSPDSAETLYF
PB1	TRBV13-1*02	CASSDHRNTEVFF
PB1	TRBV19*01	CASSSPRDSAETLYF
PB1	TRBV19*03	CASSATSAETLYF
PB1	TRBV15*01	CASSMDSAETLYF
PB1	TRBV29*02	CAGTGGAEQYF
PB1	TRBV13-1*02	CASSGGSNTGQLYF
PB1	TRBV13-2*04	CASGGDSSAETLYF
PB1	TRBV19*01	CASSIGSEQYF
PB1	TRBV13-2*04	CASGGDSAETLYF
PB1	TRBV13-2*04	CASGGTDSAETLYF
PB1	TRBV13-1*02	CASSDHRNTEVFF
PB1	TRBV15*01	CASSSDSAETLYF
PB1	TRBV3*01	CASSSGQDNYAEQFF
F2	TRBV19*03	CASRTGATGQLYF
F2	TRBV19*03	CASRPDISYNSPLYF
F2	TRBV14*01	CAIGSNQDTQYF
F2	TRBV19*01	CASSIGQDEQYF
F2	TRBV29*01	CASSLFQIQDTQYF
F2	TRBV19*01	CASSMGANERLFF
F2	TRBV19*03	CASSPGDYAEQFF
F2	TRBV19*03	CASSPGTTYEQYF
M45	TRBV12-1*01	CASSLSGNSDYTF
M45	TRBV13-3*01	CASSRRERNSPLYF
M45	TRBV12-1*01	CASSLGSQNTLYF
M45	TRBV17*01	CASSRLGSSAETLYF
M45	TRBV29*01	CASSWRTDYAEQFF
M45	TRBV17*01	CASSGLGGSAETLYF
M45	TRBV17*01	CASSRFANTEVFF
M45	TRBV29*01	CASSYRGDYAEQFF
M45	TRBV12-1*01	CASSPSTGREQYF
M45	TRBV29*01	CASSPLGSSAETLYF
M45	TRBV17*01	CASSRLGTSAETLYF
M45	TRBV17*01	CASSRNWGEKDTQYF
M45	TRBV12-1*02	CASSAGGENTLYF
M45	TRBV17*01	CASSGLGTSAETLYF
M45	TRBV12-1*02	CASSRQNSDYTF
M45	TRBV17*01	CASSSLGSSAETLYF
M38	TRBV1*01	CTCSAGTGGYNYAEQFF
M38	TRBV23*01	CSSSQSARGRGQNTLYF
M38	TRBV3*01	CASSPGTGGYNYAEQFF
M38	TRBV1*01	CTCSAGTGGYNYAEQFF
M38	TRBV1*01	CTCSTGTGGYNYAEQFF
M38	TRBV15*01	CASRQTFNQDTQYF
M38	TRBV14*01	CASSEGGWEQYF
M38	TRBV1*01	CTCSGGTGGYNYAEQFF
NP	TRBV1*01	CTCSADYRNSYNSPLYF
PB1	TRBV12-1*01	CASSLGLGSAETLYF
PB1	TRBV1*01	CTCSGGTGGYNYAEQFF
PB1	TRBV3*01	CASSPRDSAETLYF
PB1	TRBV13-1*02	CASSPRLGAYAEQFF
PB1	TRBV13-1*02	CASSGQGAPNSDYTF
PB1	TRBV3*01	CASSPRDSAETLYF
PB1	TRBV4*01	CASSSGTGGYNYAEQFF
PB1	TRBV19*03	CASTPDRGQDTQYF
PB1	TRBV19*03	CASRVNTGQLYF
PB1	TRBV13-1*02	CASSGRDSNSDYTF
PB1	TRBV26*01	CANSFDSAETLYF
PB1	TRBV1*01	CTCSAGTGGYNYAEQFF
PB1	TRBV13-1*02	CASSGRDSNSDYTF
PB1	TRBV13-1*02	CASSGLNSDYTF
PB1	TRBV13-1*02	CASSDAREDTQYF
PB1	TRBV13-1*02	CASSEGGPYEQYF
PB1	TRBV13-1*02	CASSDARGGGNSDYTF
PB1	TRBV29*01	CASRMESSAETLYF
PB1	TRBV12-2*01	CASSLTENQAPLF
PB1	TRBV26*01	CASSHDSAETLYF
F2	TRBV13-1*02	CASSDDRVTNQAPLF
M38	TRBV1*01	CTCSAGTGGYNYAEQFF
M38	TRBV13-1*02	CASSAGTGGYNYAEQFF
M38	TRBV4*01	CASSAGTGGYNYAEQFF
M38	TRBV1*01	CTCSAGTGGFNYAEQFF
M38	TRBV1*01	CTCSAGTGGYNYAEQFF
M38	TRBV3*01	CASSLATGGYNYAEQFF
M38	TRBV4*01	CASSRDNWSDYTF
M38	TRBV1*01	CTCSAGTGGYNYAEQFF
M38	TRBV1*01	CTCSAGTGGFNYAEQFF
M38	TRBV4*01	CASRDNNQDTQYF
M38	TRBV1*01	CTCSAGTGGYNYAEQFF
PA	TRBV29*01	CASSGGGEQYF
PA	TRBV19*03	CASAEGGEQYF
PA	TRBV29*01	CASSWGDTLYF
PA	TRBV29*01	CASTPDRGEVFF
PA	TRBV29*01	CASSQAEVFF
PA	TRBV29*01	CASSLGDEQYF
PA	TRBV19*01	CASSIGGEVFF
PA	TRBV19*01	CASSIGGEQYF
PA	TRBV5*04	CASSPTGGDQNTLYF
PA	TRBV29*01	CASSQGERLFF
PA	TRBV29*01	CASSWATEVFF
PA	TRBV29*01	CASSLGDGLFF
PA	TRBV17*01	CASSREEANTGQLYF
PA	TRBV29*01	CASSFGGEVFF
PA	TRBV13-2*04	CASGDPDRGNQDTQYF
PA	TRBV29*01	CASSPDWGAF
PA	TRBV29*01	CASSFGKRLFF
PA	TRBV29*01	CASSLDRGEVFF
PA	TRBV19*03	CASSFGDEQYF
PA	TRBV13-3*01	CASSDGGGYNYAEQFF
PA	TRBV20*02	CGDGTGGNTLYF
PA	TRBV29*01	CASSFGGQQYF
PA	TRBV2*01	CASSQEGGGDSDYTF
PA	TRBV19*01	CASSIAGAQDTQYF
PA	TRBV29*01	CASSLTPEEVFF
PA	TRBV2*01	CASSQEGAGDSDYTF
PA	TRBV2*01	CASSQDKDFSNERLFF
PA	TRBV29*01	CASSPDGEQFF
PA	TRBV29*01	CASSSGEGVFF
PA	TRBV17*01	CASSRETGNQDTQYF
PA	TRBV20*02	CGDGTGGNTLYF
PA	TRBV17*01	CASGREDTQYF
PA	TRBV29*01	CASSSGTGDF
PA	TRBV29*01	CANSQGTEVFF
PA	TRBV19*01	CASSMGAEQFF
PA	TRBV29*01	CASSYGGGEQYF
PA	TRBV29*01	CASSQGTEVFF
PA	TRBV29*01	CASSLGGEQYF
PA	TRBV19*01	CASSIGNEQYF
PA	TRBV4*01	CASSYPDIYAEQFF
PA	TRBV29*01	CASSSAPEQYF
PA	TRBV29*01	CASSLDRGWVFF
PA	TRBV29*01	CASSDGLPFF
PA	TRBV29*01	CASSLTPEEVFF
PA	TRBV19*01	CASSIGLGLEDTQYF
PA	TRBV19*03	CASSSGGEQYF
M45	TRBV12-1*01	CASSLSGDSDYTF
M45	TRBV17*01	CASSRDWGYQDTQYF
M45	TRBV17*01	CASSGLGGSAETLYF
M45	TRBV17*01	CASSPLGSSAETLYF
M45	TRBV14*01	CATGTGSSAETLYF
M45	TRBV17*01	CASSRMGASAETLYF
M45	TRBV17*01	CASSGLGSSAETLYF
M45	TRBV12-1*01	CASSLPGDYAEQFF
M45	TRBV12-1*01	CASSLVGDYEQYF
M45	TRBV26*01	CASSLTNNYAEQFF
M45	TRBV12-1*01	CASSLVGDYEQYF
M45	TRBV2*01	CASSQGGFDYAEQFF
M45	TRBV17*01	CASSRLGASAETLYF
M45	TRBV13-2*01	CASGDAYWGGTYEQYF
M45	TRBV29*01	CASTFRGPNTEVFF
M45	TRBV12-1*01	CASSHTGGDYAEQFF
M45	TRBV29*01	CASSLRGDNQAPLF
M45	TRBV17*01	CASSGLGGSAETLYF
M45	TRBV13-3*01	CASSGDWGTYEQYF
M45	TRBV13-3*01	CASSDTGGYAETLYF
M45	TRBV12-1*01	CASSLLGGDAETLYF
M45	TRBV17*01	CASSRLGTSAETLYF
M45	TRBV17*01	CASSRLGASAETLYF
M45	TRBV17*01	CASSGLGSSAETLYF
M45	TRBV17*01	CASSSFGGSAETLYF
M45	TRBV17*01	CASSPLGGAAETLYF
M45	TRBV17*01	CASSPLGGAAETLYF
M45	TRBV17*01	CASSGLGASAETLYF
M45	TRBV29*01	CASSFRAETLYF
M45	TRBV29*01	CASSLRGDNQAPLF
M45	TRBV17*01	CASSPLGGAAETLYF
M45	TRBV19*03	CASSPQETGQLYF
M45	TRBV12-1*02	CASSTGGGSDYTF
M45	TRBV17*01	CASSRLGASAETLYF
M45	TRBV17*01	CASSILGTSAETLYF
M45	TRBV17*01	CASSRWGVNQDTQYF
PB1	TRBV14*01	CASSTDSAETLYF
PB1	TRBV13-1*02	CASSPGQGYEQYF
PB1	TRBV12-2*02	CASFTANERLFF
PB1	TRBV31*01	CAWSPDWGVYEQYF
PB1	TRBV2*01	CASSQDWGGDTQYF
PB1	TRBV1*01	CTCSAANTGQLYF
PA	TRBV29*01	CASSWGGAPLF
PA	TRBV19*01	CASSIGDEQYF
PA	TRBV29*01	CASTSGNTLYF
PA	TRBV29*01	CASSGGNEQYF
PA	TRBV29*01	CASSLGGGVFF
PA	TRBV29*01	CASSFGGAPLF
PA	TRBV29*01	CASSLGRGVFF
PA	TRBV29*01	CASSFGTEVFF
PA	TRBV29*01	CASEGGPNQDTQYF
PA	TRBV29*01	CASSLSGFEQYF
PA	TRBV14*01	CASSPLGGRRDTQYF
PA	TRBV29*01	CASSQGGRQYF
PA	TRBV29*01	CASSLGGEVFF
PA	TRBV2*01	CASSQQQDSYEQYF
PB1	TRBV12-1*01	CASSPDWGGRYEQYF
PB1	TRBV13-2*04	CASGGSSAETLYF
PB1	TRBV19*03	CASRGTDSAETLYF
PB1	TRBV5*01	CASSQESAETLYF
PB1	TRBV4*01	CASSWDSAETLYF
PB1	TRBV13-3*01	CASSGGDSAETLYF
PA	TRBV29*01	CASSLGQAPLF
PA	TRBV13-1*02	CASSEWDWGGEGTGQLYF
PA	TRBV17*01	CASSRGWGGPYNYAEQFF
PA	TRBV29*01	CASSWGGEQYF
PA	TRBV29*01	CASSLGQAPLF
PA	TRBV1*01	CTCSAEGNTLYF
PA	TRBV19*03	CASNQGGEQFF
PA	TRBV29*01	CASWSGPQDTQYF
PA	TRBV13-3*01	CASSDRHYEQYF
PA	TRBV29*01	CASSLGQAPLF
PA	TRBV17*01	CASSNQDRDYTGQLYF
PA	TRBV17*01	CASSRERDRDAEQFF
PA	TRBV29*01	CASSSYEQYF
PA	TRBV19*03	CASSGGAEQFF
PA	TRBV29*01	CASSSYEQYF
PA	TRBV17*01	CASSRETGGAEQFF
PA	TRBV29*01	CASSSGGEVFF
PA	TRBV19*03	CASASGGEVFF
PA	TRBV19*03	CASSWGGEVFF
PA	TRBV19*03	CASSPDITEVFF
PA	TRBV29*01	CASSPDRGEVFF
PA	TRBV29*01	CASSFGGEVFF
PA	TRBV29*01	CASSGGETLYF
PA	TRBV29*01	CASSSGGGQFF
PA	TRBV31*01	CAWSPGREVFF
PA	TRBV19*03	CASSLGNEQYF
PA	TRBV29*01	CASSWDRGEVFF
PA	TRBV29*01	CASSWGTEVFF
PB1	TRBV15*01	CASSGDSAETLYF
PB1	TRBV29*01	CASRGDQSAETLYF
PB1	TRBV14*01	CASSRDSAETLYF
PB1	TRBV5*01	CASSQDSAETLYF
PB1	TRBV5*01	CASSQDSAETLYF
PB1	TRBV4*01	CASSPDWGAETLYF
PB1	TRBV4*01	CASSPDSAETLYF
PB1	TRBV14*01	CASSFRDSAETLYF
PB1	TRBV31*02	CAWTSQSAETLYF
PB1	TRBV19*03	CASTTGSDERLFF
PB1	TRBV13-2*04	CASGGDSAETLYF
PB1	TRBV4*01	CASSRSSAETLYF
PB1	TRBV5*01	CASSQDSAETLYF
PB1	TRBV15*01	CASSSDSAETLYF
PB1	TRBV13-3*01	CASTGESAETLYF
PB1	TRBV4*01	CASSRDSAETLYF
PB1	TRBV29*01	CASSLGWGAYEQYF
PB1	TRBV14*01	CASSGDSAETLYF
PB1	TRBV19*03	CASMTGDSAETLYF
PB1	TRBV13-2*04	CASGADSAETLYF
PB1	TRBV15*01	CASSGDSAETLYF
PB1	TRBV19*03	CASSWDSAETLYF
PB1	TRBV14*01	CASSFRDSAETLYF
PB1	TRBV15*01	CASSGDSAETLYF
PB1	TRBV14*01	CASRGGSSAETLYF
PB1	TRBV13-2*04	CASGGDSAETLYF
PB1	TRBV5*01	CASSQDSAETLYF
PB1	TRBV13-2*04	CASGGDSAETLYF
PB1	TRBV13-2*04	CASGDDSAETLYF
PB1	TRBV14*01	CASSGDSAETLYF
PB1	TRBV13-2*04	CASGGLDSAETLYF
PB1	TRBV13-1*02	CASSGTDSAETLYF
M38	TRBV2*01	CASSQDRGNTLYF
M38	TRBV13-3*01	CASSDEGASYEQYF
M38	TRBV1*01	CTCSAGTGGYNYAEQFF
M38	TRBV4*01	CASSRDWNTGQLYF
M38	TRBV5*04	CASSPRTGGYNYAEQFF
M38	TRBV1*01	CTCSAGTGGYNYAEQFF
NP	TRBV13-1*02	CASSARTANTEVFF
NP	TRBV15*01	CASSGDSAETLYF
NP	TRBV15*01	CASSRDSAETLYF
NP	TRBV1*01	CTCSAASGSNSDYTF
NP	TRBV2*01	CASSQDRRNSYNSPLYF
NP	TRBV13-1*02	CASSGGSNTGQLYF
NP	TRBV13-1*02	CASSGGANTGQLYF
NP	TRBV13-1*02	CASSARTANTEVFF
NP	TRBV13-1*02	CASSGGGRTGQLYF
NP	TRBV13-1*02	CASSGGANTGQLYF
F2	TRBV19*01	CASSIDTGGFYEQYF
F2	TRBV19*03	CASSAGTGDTEVFF
F2	TRBV19*03	CASSPGDISYEQYF
F2	TRBV19*03	CASSPGQNTEVFF
F2	TRBV13-1*02	CASSDFISNERLFF
F2	TRBV19*01	CASSIGDYAEQFF
F2	TRBV19*03	CASSAGTGGKAPLF
F2	TRBV19*01	CASSKGDYAEQFF
F2	TRBV19*03	CASSGGQLNTEVFF
F2	TRBV19*03	CASSAGRDTEVFF
F2	TRBV19*01	CASSIDTGGFYEQYF
F2	TRBV19*03	CASSPGTDTEVFF
F2	TRBV19*01	CASSIGGLYAEQFF
F2	TRBV19*03	CASSPGQDYTEVFF
F2	TRBV19*03	CASSPGDTGQLYF
F2	TRBV17*01	CASSRVAGTGGAPAEQFF
F2	TRBV5*01	CASSQDLGGVYEQYF
F2	TRBV19*03	CASSAGQVNTEVFF
F2	TRBV19*03	CASSAGANTEVFF
PB1	TRBV15*01	CASSFPDSAETLYF
PB1	TRBV13-2*04	CASGGGDAAETLYF
PB1	TRBV13-2*04	CASGGNSAETLYF
PB1	TRBV4*01	CASSSDSAETLYF
PB1	TRBV15*01	CASSGDSAETLYF
PB1	TRBV31*01	CAWSPDSAETLYF
PB1	TRBV5*01	CASSQDSAETLYF
PB1	TRBV13-1*02	CASSGTDSAETLYF
PB1	TRBV17*01	CASSWDSAETLYF
PB1	TRBV5*04	CASSPDSAETLYF
PB1	TRBV12-1*02	CASSPDSAETLYF
PB1	TRBV13-2*04	CASGGDSSAETLYF
PB1	TRBV26*01	CASSWDSAETLYF
PB1	TRBV12-2*01	CASSLLGVSYEQYF
PB1	TRBV13-3*01	CASSDAQFSYNSPLYF
PB1	TRBV19*01	CASSIGDSAETLYF
PB1	TRBV19*03	CASRTGSAETLYF
PB1	TRBV19*03	CASTGTSAETLYF
PB1	TRBV13-1*02	CASSGQDSAETLYF
PB1	TRBV16*01	CASSPDSAETLYF
PB1	TRBV12-2*02	CASSGTSAETLYF
PB1	TRBV4*01	CASSFDSAETLYF
PB1	TRBV17*01	CASSRDSAETLYF
PB1	TRBV13-2*04	CASTGDSNERLFF
PB1	TRBV12-1*02	CASLGDSAETLYF
PB1	TRBV17*01	CASSRDSAETLYF
PB1	TRBV14*01	CASSPDSAETLYF
PB1	TRBV3*01	CASSFSGTGSNERLFF
PB1	TRBV13-2*04	CASGGDSAETLYF
PB1	TRBV13-2*04	CASGGESNERLFF
PB1	TRBV13-1*02	CASSGDSAETLYF
PB1	TRBV14*01	CASRGAASAETLYF
PB1	TRBV13-3*01	CASSGDSAETLYF
PB1	TRBV1*01	CTCSGDSAETLYF
PB1	TRBV20*01	CGARDGGDSAETLYF
PB1	TRBV3*01	CASSLYRSAETLYF
PB1	TRBV17*01	CASSSDSAETLYF
PB1	TRBV14*01	CASRPGTDSAETLYF
PB1	TRBV4*01	CASSADSAETLYF
PB1	TRBV26*01	CASSLDSAETLYF
PB1	TRBV15*01	CASSSDSAETLYF
PB1	TRBV29*01	CASKGTTSAETLYF
NP	TRBV13-1*02	CASSGGSNTGQLYF
NP	TRBV2*01	CASSQDRRNSYNSPLYF
NP	TRBV13-1*02	CASSGGANTGQLYF
NP	TRBV5*01	CASSQDLGGTYEQYF
NP	TRBV13-1*02	CASSGGANTGQLYF
NP	TRBV13-3*01	CASSDSGNTEVFF
NP	TRBV31*01	CAWSHTGGARNTLYF
NP	TRBV1*01	CTCSADRRDSYNSPLYF
NP	TRBV13-1*02	CASSGGANTGQLYF
NP	TRBV12-1*01	CASSPGPSSYEQYF
NP	TRBV13-1*02	CASSGGGNTGQLYF
NP	TRBV2*01	CASSQDRRNSYNSPLYF
NP	TRBV20*01	CGARDGGGEQYF
NP	TRBV2*01	CASSQDRRNSYNSPLYF
NP	TRBV13-1*02	CASRGGANTGQLYF
NP	TRBV31*01	CAWSHTGGARNTLYF
NP	TRBV13-1*02	CASSGGANTGQLYF
NP	TRBV13-1*02	CASSGGGNTGQLYF
NP	TRBV29*01	CASSLSGRGNSPLYF
NP	TRBV31*01	CAWSPGQGATRVFF
NP	TRBV13-1*02	CASSGGANTGQLYF
NP	TRBV13-1*02	CASSGGSNTGQLYF
PB1	TRBV13-2*04	CASGGDSAETLYF
PB1	TRBV13-1*02	CASSDDSAETLYF
PB1	TRBV15*01	CASSPPDSAETLYF
PB1	TRBV13-2*04	CASGGRDSAETLYF
PB1	TRBV29*01	CASMGTSAETLYF
PB1	TRBV31*02	CAWGGTSSAETLYF
PB1	TRBV4*01	CASSRDSAETLYF
M38	TRBV1*01	CTCSAGTGGYNYAEQFF
M38	TRBV1*01	CTCSTGTGGFNYAEQFF
M38	TRBV14*01	CATGTGSSAETLYF
M38	TRBV1*01	CTCSAGTGGYNYAEQFF
M38	TRBV1*01	CTCSAGTGGYNYAEQFF
M38	TRBV1*01	CTCSAGTGGYNYAEQFF
M38	TRBV1*01	CTCSAGTGGYNYAEQFF
M38	TRBV12-1*02	CASSDRGYAEQFF
M38	TRBV4*01	CASSPGTGGYNYAEQFF
M38	TRBV1*01	CTCSAGTGGYNYAEQFF
M38	TRBV4*01	CASSFWGRDQDTQYF
M38	TRBV4*01	CASSSGTGGYNYAEQFF
M38	TRBV13-1*02	CASSGTGGGAEQFF
M38	TRBV12-1*02	CASPGTGGDEQYF
M38	TRBV1*01	CTCSPGTGGYNYAEQFF
M38	TRBV4*01	CASSPGTGGYNYAEQFF
M38	TRBV1*01	CTCSGGTGGYNYAEQFF
M38	TRBV13-1*02	CASSGDWGYEQYF
M38	TRBV13-1*02	CASSEHWGFNQDTQYF
M38	TRBV1*01	CTCSGGTGGYNYAEQFF
M38	TRBV20*01	CGASPGTGGYNYAEQFF
M38	TRBV1*01	CTCSSGTGGFNYAEQFF
M38	TRBV31*01	CAWSPGTGGYNYAEQFF
M38	TRBV13-3*01	CASSTGTGGYNYAEQFF
M38	TRBV1*01	CTCSAGTGGYNYAEQFF
M38	TRBV4*01	CASSPDWGGYAEQFF
M38	TRBV1*01	CTCSPGTGGYNYAEQFF
M38	TRBV4*01	CASSFWGRDQDTQYF
M38	TRBV20*01	CGAIRDWGYEQYF
M38	TRBV4*01	CASSFWGRDQDTQYF
M38	TRBV26*01	CASSLGGEGEQYF
PB1	TRBV13-2*04	CASGGTSNERLFF
PB1	TRBV13-3*01	CASSGDRDEQYF
PB1	TRBV4*01	CASRGDSAETLYF
PB1	TRBV20*01	CGARDGLDSAETLYF
PB1	TRBV19*01	CASSTGSAETLYF
PB1	TRBV14*01	CASSPDSAETLYF
PB1	TRBV31*02	CAWDWGSSAETLYF
PB1	TRBV16*01	CASSGDSAETLYF
PB1	TRBV4*01	CASAQDSAETLYF
PB1	TRBV13-2*04	CASGGQDSAETLYF
PB1	TRBV4*01	CASRGDSAETLYF
PA	TRBV29*01	CASSEDREFSAETLYF
PA	TRBV29*01	CASSEYEQYF
PA	TRBV13-3*01	CASSELGGQGEQYF
PA	TRBV24*02	CASSQDRNTLYF
PA	TRBV29*01	CASSLSGFEQYF
PA	TRBV29*01	CASSSGDF
PA	TRBV19*01	CASSIGGEVFF
PA	TRBV29*01	CASSPYEQYF
PA	TRBV29*01	CASSLSGFEQYF
PA	TRBV29*01	CASSWGGEQYF
PA	TRBV29*01	CASSWGEEVFF
PA	TRBV4*01	CASREGGFSNERLFF
PA	TRBV29*01	CASSQGDEQYF
PA	TRBV29*01	CASSPDRGEQYF
PA	TRBV29*01	CASTQGAEVFF
PA	TRBV29*01	CASSWGGEQYF
PA	TRBV29*01	CASSLDRGEVFF
PA	TRBV29*01	CASSSGQEVFF
PA	TRBV29*01	CASSLGGPTEVFF
PB1	TRBV15*01	CASSGDSAETLYF
PB1	TRBV19*03	CASTAGDSAETLYF
PB1	TRBV13-2*04	CASGEDSAETLYF
PB1	TRBV4*01	CASSWWGSSYEQYF
PB1	TRBV19*03	CASMTTSAETLYF
PB1	TRBV15*01	CASSGDSAETLYF
PB1	TRBV14*01	CASSGDSAETLYF
PB1	TRBV14*01	CASSRDSDERLFF
PB1	TRBV15*01	CASSADSAETLYF
PB1	TRBV19*03	CASRGQSSAETLYF
PB1	TRBV16*01	CASSLDRDSAETLYF
PB1	TRBV13-2*04	CASGEPGLGGDQDTQYF
PB1	TRBV14*01	CASSRDSAETLYF
M45	TRBV12-1*01	CASSLGSQNTLYF
M45	TRBV12-1*01	CASSPGTGDYAEQFF
M45	TRBV12-1*01	CASSLLGDYAEQFF
M45	TRBV29*01	CASSFRGDYAEQFF
M45	TRBV29*01	CASSFRGDAEQFF
M45	TRBV29*01	CASSLRGDYAEQFF
M45	TRBV12-1*01	CASSLASSGNTLYF
M45	TRBV12-1*01	CASSLGGHERLFF
M45	TRBV12-1*01	CASSLGSAETLYF
M45	TRBV12-1*01	CASSLEVGRAETLYF
M45	TRBV17*01	CASSPLGTGGEQYF
M45	TRBV13-2*04	CASGERDWGDEQYF
M45	TRBV17*01	CASSRLGSSAETLYF
M45	TRBV29*01	CASSLRGDNQAPLF
M45	TRBV13-3*01	CASSYRDDTQYF
M45	TRBV29*01	CASSFRGWGEQYF
NP	TRBV13-1*02	CASSGGANTGQLYF
NP	TRBV13-1*02	CASSGGSNTGQLYF
NP	TRBV13-1*02	CASSGGSNTGQLYF
NP	TRBV13-1*02	CASSDSRNTEVFF
NP	TRBV13-1*02	CASSGGSNTGQLYF
NP	TRBV13-1*02	CASKGGGNTGQLYF
NP	TRBV13-1*02	CASSGGSNTGQLYF
PB1	TRBV4*01	CASSPDSAETLYF
PB1	TRBV14*01	CASSFRDSAETLYF
PB1	TRBV19*03	CASLRGSAETLYF
PB1	TRBV4*01	CASSLESAETLYF
PB1	TRBV4*01	CASSLDSAETLYF
PB1	TRBV19*03	CASRTGLDSAETLYF
PB1	TRBV15*01	CASSRDSAETLYF
PB1	TRBV13-1*02	CASSDGDSAETLYF
PB1	TRBV5*01	CASSQDSAETLYF
PB1	TRBV1*01	CTCSGRDSAETLYF
PB1	TRBV12-1*02	CASSGDSAETLYF
PB1	TRBV4*01	CASSLDSAETLYF
PB1	TRBV5*04	CASSHDSAETLYF
PB1	TRBV4*01	CASSKDSAETLYF
PB1	TRBV13-1*02	CASSGESAETLYF
PB1	TRBV1*01	CTCSADGVSYEQYF
PB1	TRBV1*01	CTCSGDGAETLYF
PB1	TRBV4*01	CASSSDSAETLYF
PB1	TRBV15*01	CASSFPDSAETLYF
PB1	TRBV31*02	CAWSLDSAETLYF
PB1	TRBV4*01	CASSRDSAETLYF
PB1	TRBV14*01	CASSFQDSAETLYF
PB1	TRBV5*01	CASSQDSAETLYF
PB1	TRBV31*02	CAWRKLGGGEAEQFF
PB1	TRBV13-1*02	CASSGDSAETLYF
PB1	TRBV13-1*02	CASSGWESAETLYF
PB1	TRBV19*01	CASSIGWGAYEQYF
PB1	TRBV26*01	CASSQDSAETLYF
PB1	TRBV12-2*02	CASSGNSAETLYF
PB1	TRBV31*02	CAWRGLDSAETLYF
PB1	TRBV13-2*04	CASGGESAETLYF
PB1	TRBV1*01	CTCSGDSAETLYF
PB1	TRBV15*01	CASSLDSAETLYF
PB1	TRBV17*01	CASSRDSAETLYF
PB1	TRBV17*01	CASSRDSAETLYF
PB1	TRBV1*01	CTCSGRDSAETLYF
PB1	TRBV14*01	CASRGTTSAETLYF
PB1	TRBV31*02	CASDWGDSAETLYF
PB1	TRBV31*02	CAWTGGQDTQYF
PA	TRBV29*01	CASSLDRGEVFF
PA	TRBV29*01	CASSSGGEVFF
PA	TRBV29*01	CASSWGAEQFF
PA	TRBV29*01	CASSLGAEQFF
PA	TRBV17*01	CASSREDRGPQDTQYF
PA	TRBV2*01	CASSQEGQANSDYTF
PA	TRBV29*01	CASSLSGFEQYF
PA	TRBV29*01	CASSTGDEQYF
PA	TRBV19*03	CASSLRDWGLYEQYF
PA	TRBV29*01	CASSLDRGEVFF
PA	TRBV29*01	CASSWGAEQFF
PA	TRBV29*01	CASIQYNQAPLF
PA	TRBV29*01	CASSLSPERLFF
PA	TRBV29*01	CASSTGLAPLF
PA	TRBV29*01	CASSLDRGGLFF
PA	TRBV29*01	CASIGYNYAEQFF
PA	TRBV29*01	CASSSPAEQFF
PA	TRBV29*01	CASSSPDTQYF
PA	TRBV29*01	CASSPTGQLYF
PA	TRBV15*01	CASSADRDGNTLYF
PA	TRBV29*01	CASSSGTEVFF
PA	TRBV19*01	CASSIGSEQYF
PA	TRBV29*01	CASSSGGGLFF
PA	TRBV13-2*04	CASGDDWASAETLYF
PA	TRBV29*01	CASSEGGEQYF
PA	TRBV29*01	CASSFGGEVFF
PA	TRBV1*01	CTCSAETGEGYEQYF
PA	TRBV29*01	CASSYGAEVFF
PA	TRBV19*01	CASSIGGEVFF
PA	TRBV29*01	CASSLGAEQFF
PA	TRBV19*01	CASSIGGEVFF
PA	TRBV29*01	CASSEGEAPLF
PA	TRBV13-3*01	CASTGGYEQYF
PA	TRBV29*01	CASSWGNEQYF
F2	TRBV19*03	CASSPGTGDTEVFF
F2	TRBV19*03	CASSPDSSYNSPLYF
F2	TRBV17*01	CASSPNSGNTLYF
F2	TRBV19*03	CASSPGTGGVTEVFF
F2	TRBV19*03	CASSPGTTNTEVFF
F2	TRBV19*03	CASSPGQYTEVFF
F2	TRBV19*03	CASSPGSNTEVFF
F2	TRBV19*03	CASSPGANTEVFF
F2	TRBV19*03	CASSRDISYNSPLYF
F2	TRBV12-1*02	CASSPDAEQFF
F2	TRBV13-3*01	CASSALGGLDTQYF
F2	TRBV3*01	CASSLGLGGRQDTQYF
F2	TRBV13-2*04	CASGTGENSDYTF
F2	TRBV19*03	CASSLGDYAEQFF
m139	TRBV16*01	CASSSGGSAETLYF
m139	TRBV15*01	CASRSGGGGQNTLYF
m139	TRBV19*03	CASSPSQNTLYF
m139	TRBV13-1*02	CASSPGSSDYTF
m139	TRBV20*01	CGASWGVEQYF
m139	TRBV4*01	CASSLVGQDTQYF
m139	TRBV14*01	CATGTGSSAETLYF
m139	TRBV13-1*02	CASSEGQGEVFF
M38	TRBV13-1*02	CASSENWGYEQYF
M38	TRBV1*01	CTCSSGTGGYNYAEQFF
M38	TRBV1*01	CTCSAGTGGYNYAEQFF
M38	TRBV13-3*01	CASSAGTGGYNYAEQFF
M38	TRBV12-1*01	CASSLGDNYAEQFF
M38	TRBV4*01	CASSRDWGGYAEQFF
M38	TRBV1*01	CTCSAGTGGYNYAEQFF
M38	TRBV4*01	CASSPGTGGYNYAEQFF
M38	TRBV26*01	CASSHDWGSSQNTLYF
PA	TRBV29*01	CASTTGTGVVFF
PA	TRBV29*01	CASSLSSRGQGSDYTF
PA	TRBV29*01	CASSLGGRVFF
PA	TRBV29*01	CAAWGENYAEQFF
PA	TRBV29*01	CASSFGAEQFF
PA	TRBV29*01	CASSFGQAPLF
PA	TRBV19*03	CASSPTGGGNERLFF
PA	TRBV19*01	CASSIGDEQYF
PA	TRBV29*01	CASSWGGEQYF
PA	TRBV29*01	CASSLPEGPTGQLYF
PA	TRBV29*01	CASSLNRGRLYF
PA	TRBV29*01	CASSPDRGRLFF
PA	TRBV29*01	CASSLGGEVFF
PA	TRBV29*01	CASSLTGEQYF
PA	TRBV29*01	CASSLGGEQYF
PA	TRBV29*01	CASTQGGAPLF
PA	TRBV29*01	CASSSGQAPLF
PA	TRBV29*01	CASSLGGEVFF
PA	TRBV29*01	CASSSGEAPLF
PA	TRBV29*01	CASSWGVEQYF
PA	TRBV19*01	CASSIGDEQYF
PA	TRBV29*01	CASTGGQAPLF
PA	TRBV29*01	CASSSGQAPLF
PA	TRBV29*01	CASSEGERLFF
PA	TRBV29*01	CASSSSGQLYF
PA	TRBV29*01	CASSGGQAPLF
PA	TRBV29*01	CASTTGTGVVFF
PA	TRBV19*03	CASSPRDWGNYEQYF
PA	TRBV14*01	CASSFNRELSNERLFF
PA	TRBV29*01	CASSPDRGEVFF
PA	TRBV5*04	CASSPTGGDQNTLYF
PA	TRBV29*01	CASSSGTEVFF
PA	TRBV29*01	CASSLGGGVFF
PA	TRBV29*01	CASSPDRGEQYF
PA	TRBV29*01	CASSLSNRGQDSDYTF
PA	TRBV13-1*02	CASSASNFSNERLFF
PA	TRBV29*01	CASSLGGYEQYF
PA	TRBV29*01	CASSLGDEQYF
PA	TRBV29*01	CASSWGSEQYF
PA	TRBV19*01	CASSIGDEQYF
NP	TRBV3*01	CASSLDWGANTGQLYF
NP	TRBV2*01	CASSQDRRNSYNSPLYF
NP	TRBV13-2*04	CASGDGGYEQYF
NP	TRBV19*03	CASSPGLGGEQDTQYF
NP	TRBV13-1*02	CASKGGANTGQLYF
NP	TRBV13-1*02	CASSPRVANTEVFF
NP	TRBV3*01	CASSDRGEQYF
NP	TRBV2*01	CASSQESLPSNERLFF
NP	TRBV13-2*04	CASGEQYF
NP	TRBV19*01	CASSIVGGGAETLYF
NP	TRBV16*01	CASSVARDEQYF
NP	TRBV12-1*02	CASSSRTGSYAEQFF
NP	TRBV13-1*02	CASSDAATSEVFF
NP	TRBV1*01	CTCSADWRNSYNSPLYF
NP	TRBV2*01	CASSQEDWGQNTLYF
NP	TRBV13-1*02	CASSGGSNTGQLYF
NP	TRBV13-3*01	CASRRTGGNAEQFF
NP	TRBV14*01	CASSPRKQLYF
NP	TRBV2*01	CASSQDRRNSYNSPLYF
NP	TRBV13-3*01	CASSDNSQNTLYF
NP	TRBV13-1*02	CASSGGSNTGQLYF
NP	TRBV13-1*02	CASSGGANTGQLYF
NP	TRBV5*01	CASSQDLGGVYEQYF
NP	TRBV13-1*02	CASSGGANTGQLYF
NP	TRBV13-1*02	CASSDHRTTEVFF
NP	TRBV13-1*02	CASSGGANTGQLYF
NP	TRBV31*02	CAWRPTASYEQYF
NP	TRBV13-1*02	CASSGGGNTGQLYF
NP	TRBV13-1*02	CASSGGANTGQLYF
NP	TRBV5*01	CASSQDLGGVYEQYF
NP	TRBV13-1*02	CASSDSKNTEVFF
NP	TRBV13-1*02	CASSDSKNTEVFF
NP	TRBV13-1*02	CASSGGGNTGQLYF
PB1	TRBV14*01	CASSFRDSAETLYF
PB1	TRBV1*01	CTCGGGDSAETLYF
PB1	TRBV19*03	CASTLRDSDYTF
PB1	TRBV13-2*04	CASGGDSAETLYF
PB1	TRBV1*01	CTCSGGDAAETLYF
PB1	TRBV16*01	CASSGGLGASAETLYF
PB1	TRBV14*01	CASSPLDSAETLYF
PB1	TRBV29*01	CASKETTSAETLYF
PB1	TRBV4*01	CASSHDSAETLYF
PB1	TRBV12-1*02	CASSGESAETLYF
PB1	TRBV14*01	CASSDWGGADQDTQYF
PB1	TRBV4*01	CASSRDSAETLYF
PB1	TRBV12-1*02	CASSGESAETLYF
PB1	TRBV19*01	CASSMDSAETLYF
PB1	TRBV19*03	CASSGGLGSSAETLYF
PB1	TRBV3*01	CASSSDWDSAETLYF
PB1	TRBV19*03	CASSGGSAETLYF
PB1	TRBV13-3*01	CASSADWGYAEQFF
PB1	TRBV13-2*04	CASGGDSAETLYF
PB1	TRBV5*01	CASSQDSAETLYF
PB1	TRBV13-2*04	CASGGESAETLYF
PB1	TRBV19*01	CASSMDSAETLYF
PB1	TRBV31*02	CACPPGLGGSAETLYF
PB1	TRBV4*01	CASSQDSAETLYF
PB1	TRBV31*02	CAWRPDWGGSAETLYF
PB1	TRBV5*04	CASSGDSAETLYF
PB1	TRBV5*01	CASSQDSAETLYF
PB1	TRBV26*01	CASSQDSAETLYF
PB1	TRBV29*01	CASKWDSAETLYF
PB1	TRBV31*02	CAWGLESAETLYF
PB1	TRBV4*01	CASSDNSAETLYF
PB1	TRBV12-1*02	CASSGESAETLYF
PB1	TRBV31*02	CAWGTTSAETLYF
PB1	TRBV13-2*04	CASGGTDSAETLYF
PB1	TRBV19*03	CASSWDSAETLYF
PB1	TRBV4*01	CASSSDSAETLYF
PB1	TRBV15*01	CASSRPDSAETLYF
PB1	TRBV19*03	CASRGLESAETLYF
PB1	TRBV14*01	CASSGQDSAETLYF
PB1	TRBV13-2*04	CASGGESAETLYF
PB1	TRBV14*01	CASRGTTSAETLYF
PB1	TRBV4*01	CASSWDSAETLYF
NP	TRBV5*01	CASSQDQGAPERLFF
NP	TRBV16*01	CASSLARDEQYF
NP	TRBV13-1*02	CASSDSAATEVFF
NP	TRBV13-1*02	CASSGGGNTGQLYF
NP	TRBV12-1*01	CASSPGPSSYEQYF
NP	TRBV12-1*01	CASSLGPSSYEQYF
NP	TRBV13-1*02	CASSDVGGKTEVFF
NP	TRBV5*01	CASSQDLGGVYEQYF
NP	TRBV5*04	CASSLRGLSQNTLYF
NP	TRBV16*01	CASSLTPGQGERNTEVFF
NP	TRBV13-1*02	CASSGGANTGQLYF
M38	TRBV1*01	CTCSAGTGGFNYAEQFF
M38	TRBV1*01	CTCSSGTGGFNYAEQFF
M38	TRBV1*01	CTCSAGTGGFNYAEQFF
M38	TRBV1*01	CTCSADRVNTEVFF
M38	TRBV1*01	CTCSSGTGGFNYAEQFF
M45	TRBV14*01	CASSFSGDYAEQFF
M45	TRBV19*01	CASSMDWGFGQDTQYF
M45	TRBV20*01	CGASWGNTGQLYF
M45	TRBV12-1*01	CASSLSSQNTLYF
M45	TRBV15*01	CASSGQNSYNSPLYF
M45	TRBV17*01	CASSSWGSQDTQYF
M45	TRBV29*01	CASSYRGDYAEQFF
M45	TRBV12-1*01	CASSLGNGNTLYF
M45	TRBV17*01	CASSPLGTSAETLYF
M45	TRBV13-2*04	CASGDRDWGDEQYF
M45	TRBV12-1*02	CASSVPGQGDTGQLYF
M45	TRBV29*01	CASSLRGDNQAPLF
M45	TRBV12-1*01	CASSLGGADTLYF
M45	TRBV12-1*01	CASSRSGNSDYTF
M45	TRBV29*01	CASSPLGTSAETLYF
M45	TRBV12-1*01	CASSLGTDYAEQFF
M45	TRBV12-1*01	CASSLVLGGREQYF
M45	TRBV17*01	CASSRLGSSAETLYF
M45	TRBV12-1*01	CASSLSANSDYTF
M45	TRBV29*01	CASRYRGDYAEQFF
M45	TRBV17*01	CASSPLGSSAETLYF
NP	TRBV13-1*02	CASSDAASTEVFF
NP	TRBV2*01	CASSQDRRNSYNSPLYF
NP	TRBV16*01	CASSRARDEQYF
NP	TRBV16*01	CASSLARNEQYF
NP	TRBV13-1*02	CASSGGSNTGQLYF
NP	TRBV13-1*02	CASSGGSNTGQLYF
NP	TRBV26*01	CASSTRDRRSQNTLYF
NP	TRBV2*01	CASSQDRRNSYNSPLYF
NP	TRBV20*01	CGAREGTRNTEVFF
NP	TRBV16*01	CASSRARDEQYF
NP	TRBV13-1*02	CASSGGGNTGQLYF
NP	TRBV13-1*02	CASSGGANTGQLYF
NP	TRBV4*01	CASRQGYEQYF
NP	TRBV2*01	CASSRGLGGINTGQLYF
NP	TRBV5*04	CASSPSRATEVFF
NP	TRBV13-1*02	CASSGGSNTGQLYF
NP	TRBV13-1*02	CASSGGSNTGQLYF
NP	TRBV12-1*02	CASSWDRGEQYF
NP	TRBV17*01	CASSRDLSGNYAEQFF
NP	TRBV4*01	CASSSGTGVVEQYF
NP	TRBV2*01	CASSQDRRNSYNSPLYF
NP	TRBV5*04	CASSPGPTNERLFF
NP	TRBV2*01	CASSQERGSGNTLYF
NP	TRBV13-1*02	CASSGGGNTGQLYF
NP	TRBV2*01	CASSQDRRNSYNSPLYF
PA	TRBV29*01	CASSGGGEQYF
PA	TRBV29*01	CASSLDRGEVFF
PA	TRBV29*01	CASSPDRGEQYF
PA	TRBV19*03	CASSGGAEQFF
PA	TRBV19*01	CASSMGNPVFF
PA	TRBV2*01	CASSQDEDGFYEQYF
PA	TRBV29*01	CASSLDRAEVFF
PA	TRBV29*01	CASSFGGMQFF
PA	TRBV17*01	CASSDRDRDPGNTLYF
PA	TRBV29*01	CASSPDRGQLYF
PA	TRBV29*01	CASSWGDEQYF
PA	TRBV29*01	CASSTGGGEFF
PA	TRBV29*01	CASWDRGSSYEQYF
PA	TRBV19*01	CASSIGDEQYF
PA	TRBV29*01	CASSGGGEVFF
PA	TRBV19*03	CASSWGDEQYF
PA	TRBV19*03	CASTWGGEQYF
PA	TRBV17*01	CASSREQDRGWEQYF
PA	TRBV29*01	CASSWGGEVFF
PA	TRBV29*01	CASSLSGTDFSNERLFF
PA	TRBV19*01	CASSIGGEVFF
PA	TRBV13-3*01	CASSEGQPNSDYTF
PA	TRBV2*01	CASSQEADSYEQYF
PA	TRBV29*01	CASSLGSEQYF
PA	TRBV29*01	CASSYGAEQFF
PA	TRBV19*01	CASSIGNEQYF
PA	TRBV29*01	CASSFGGMQFF
PA	TRBV19*01	CASSIGERLFF
PA	TRBV29*01	CASSGGGEQYF
PA	TRBV29*01	CASSLGDEQYF
PA	TRBV19*03	CASSSPGEQYF
PB1	TRBV13-1*02	CASSEPDSAETLYF
PB1	TRBV4*01	CASSADSAETLYF
PB1	TRBV3*01	CASSSWGGLSQNTLYF
PB1	TRBV19*01	CASSIVGGGAETLYF
PB1	TRBV13-2*04	CASGDALETLYF
PB1	TRBV14*01	CASSPDSAETLYF
PB1	TRBV19*03	CASGTGEYAEQFF
PB1	TRBV4*01	CASSPDSAETLYF
PB1	TRBV19*01	CASSIGDEQYF
NP	TRBV4*01	CASSRTAPNERLFF
NP	TRBV13-1*02	CASSGGANTGQLYF
NP	TRBV13-1*02	CASSGGSNTGQLYF
NP	TRBV13-3*01	CASSDHRRTEVFF
NP	TRBV13-1*02	CASSGGANTGQLYF
NP	TRBV2*01	CASSQDRRNSYNSPLYF
NP	TRBV13-1*02	CASSGGANTGQLYF
NP	TRBV17*01	CASSRRLGGLGAEQFF
NP	TRBV13-1*02	CASKGGSNTGQLYF
NP	TRBV13-1*02	CASSGGSNTGQLYF
NP	TRBV13-1*02	CASSGGANTGQLYF
NP	TRBV13-1*02	CASSGGSNTGQLYF
NP	TRBV4*01	CASRPWGGYEQYF
NP	TRBV13-1*02	CASRDSANTEVFF
NP	TRBV13-1*02	CASADNYNSPLYF
NP	TRBV13-1*02	CASSGGSNTGQLYF
NP	TRBV13-1*02	CASSGGANTGQLYF
NP	TRBV16*01	CASSLARDEQYF
NP	TRBV13-1*02	CASKGGSNTGQLYF
NP	TRBV13-1*02	CASRDSANTEVFF
NP	TRBV13-1*02	CASSDERGRDQDTQYF
NP	TRBV12-1*01	CASSLGPSSYEQYF
NP	TRBV5*01	CASSQDRVRYEQYF
NP	TRBV5*01	CASSQDLGGLYEQYF
NP	TRBV13-1*02	CASRGGGNTGQLYF
NP	TRBV5*01	CASSQDLGGVYEQYF
NP	TRBV19*03	CASSPWGGARAEQFF
NP	TRBV5*01	CASSQDMGGRSYEQYF
NP	TRBV16*01	CASSLARDEQYF
NP	TRBV13-1*02	CASSGGANTGQLYF
NP	TRBV5*01	CASSQVINSGNTLYF
F2	TRBV19*01	CASSIGDTYEQYF
F2	TRBV19*03	CASSWGANTEVFF
F2	TRBV19*01	CASSIDTGTNTGQLYF
F2	TRBV19*03	CASSPGDYAEQFF
F2	TRBV19*03	CASSSGDYAEQFF
F2	TRBV29*01	CASSLSNGGLDTQYF
F2	TRBV13-3*01	CASSGDLNSGNTLYF
F2	TRBV19*03	CASSPGDSYEQYF
F2	TRBV19*01	CASSMGANTEVFF
F2	TRBV19*03	CASSPGQTYEQYF
F2	TRBV17*01	CASSRGLGVEQYF
F2	TRBV29*01	CASSLLQTNTEVFF
F2	TRBV19*03	CASSQGQIGSDYTF
F2	TRBV29*01	CASSLLNSGNTLYF
F2	TRBV15*01	CASSPGTDNQDTQYF
F2	TRBV29*01	CASSLLLGVLAEQFF
F2	TRBV15*01	CASSRDRVGAETLYF
F2	TRBV19*01	CASSIGDNYEQYF
F2	TRBV19*01	CASSIGDSYEQYF
F2	TRBV29*01	CASSLLNSGNTLYF
F2	TRBV19*01	CASSIGDSYEQYF
F2	TRBV19*03	CASSWGDYAEQFF
F2	TRBV19*01	CASSIGDYAEQFF
F2	TRBV13-3*01	CASSVGGGQDTQYF
F2	TRBV19*03	CASSRGLTSAETLYF
F2	TRBV19*01	CASSMGTDTQYF
F2	TRBV19*01	CASSTGTGMEQYF
F2	TRBV19*03	CASSPGDYAEQFF
F2	TRBV19*03	CASSPGTTYEQYF
F2	TRBV19*03	CASSWGDYAEQFF
F2	TRBV13-2*04	CASGELGASAETLYF
PB1	TRBV31*02	CAWTGTSAETLYF
PB1	TRBV29*01	CASSLTDSYEQYF
PB1	TRBV19*03	CASRGESAETLYF
PB1	TRBV2*01	CASSQDWGGDTLYF
M38	TRBV1*01	CTCSAGTGGYNYAEQFF
M38	TRBV1*01	CTCSAGTGGYNYAEQFF
M38	TRBV1*01	CTCSAGTGGYNYAEQFF
M38	TRBV1*01	CTCSAGTGGYNYAEQFF
M38	TRBV1*01	CTCSAGTGGYNYAEQFF
M38	TRBV1*01	CTCSAGTGGYNYAEQFF
M38	TRBV31*01	CAWSPGTGGYNYAEQFF
M38	TRBV4*01	CASSAGTGGYNYAEQFF
M38	TRBV1*01	CTCSAGTGGYNYAEQFF
M38	TRBV13-1*02	CASSEENTEVFF
M38	TRBV4*01	CASSAGTGGYNYAEQFF
M38	TRBV1*01	CTCSAGTGGYNYAEQFF
M38	TRBV1*01	CTCSAGTGGYNYAEQFF
M38	TRBV1*01	CTCSAGTGGYNYAEQFF
NP	TRBV13-3*01	CASSEGKEVFF
NP	TRBV1*01	CTCSTRASNTEVFF
PB1	TRBV20*01	CGARDGGLNTGQLYF
PB1	TRBV31*01	CAWSPDSAETLYF
PB1	TRBV14*01	CASSPGQGYEQYF
PB1	TRBV30*01	CSSSWSSAETLYF
PB1	TRBV14*01	CASSFRDSAETLYF
PB1	TRBV1*01	CTCSAGTGVAEQFF
PB1	TRBV4*01	CASSLWGDYYEQYF
m139	TRBV19*01	CASSIPRVYNSPLYF
m139	TRBV19*03	CASSPWGGQGGGNTLYF
m139	TRBV13-2*01	CASGDPGGNQDTQYF
m139	TRBV13-2*04	CASGDGGTEKYAEQFF
m139	TRBV16*01	CASSLDHGLGGHYAEQFF
NP	TRBV2*01	CASSHDRRNSYNSPLYF
NP	TRBV12-1*01	CASSPGPSSYEQYF
NP	TRBV2*01	CASSHDRRNSYNSPLYF
NP	TRBV2*01	CASSHDRRNSYNSPLYF
NP	TRBV13-1*02	CASSGGSNTGQLYF
M45	TRBV12-1*01	CASSLLGDYAEQFF
M45	TRBV29*01	CASSYRTDYAEQFF
M45	TRBV17*01	CASSGLGVSAETLYF
M45	TRBV17*01	CASSPLGSSAETLYF
M45	TRBV12-1*02	CASSLGSQNTLYF
M45	TRBV12-1*01	CASSLGSQNTLYF
M45	TRBV12-1*01	CASSQGSGNTLYF
M45	TRBV29*01	CASSLRGDNSPLYF
M45	TRBV29*01	CASSLRGDNQAPLF
M45	TRBV12-1*01	CASSPGGKETLYF
M45	TRBV13-3*01	CASSDYWGVEQYF
M45	TRBV13-3*01	CASSKWGAVEAEQFF
M45	TRBV19*01	CASSIWGAYAEQFF
M45	TRBV29*01	CASSFRENTLYF
M45	TRBV13-3*01	CASSDFSNSDYTF
M45	TRBV17*01	CASSPLGASAETLYF
M45	TRBV13-2*04	CASASDWGRQDTQYF
M45	TRBV19*01	CASSIWGAYAEQFF
M45	TRBV29*01	CASSYRTDYAEQFF
M45	TRBV13-2*04	CASGERDWGDEQYF
M45	TRBV26*01	CASSLIGLGEDTQYF
M45	TRBV12-1*01	CASSLGGSETLYF
M45	TRBV12-1*02	CASSSTGGDAEQFF
M45	TRBV26*01	CASSLIGLGEDTQYF
NP	TRBV2*01	CASSQDRRNSYNSPLYF
NP	TRBV13-1*02	CASSGGGNTGQLYF
NP	TRBV13-1*02	CASSDHRNTEVFF
NP	TRBV13-1*02	CASSGGSNTGQLYF
NP	TRBV13-1*02	CASSGGSNTGQLYF
NP	TRBV13-1*02	CASRGGGHTGQLYF
NP	TRBV13-2*01	CASGETAGNTLYF
NP	TRBV12-1*01	CASSLWASSYEQYF
NP	TRBV13-1*02	CASSGGSNTGQLYF
NP	TRBV13-1*02	CASRDSANTEVFF
NP	TRBV13-2*04	CASGETAGNTLYF
NP	TRBV13-1*02	CASSGGSNTGQLYF
NP	TRBV13-1*02	CASSDARTTEVFF
PB1	TRBV5*04	CASSADSAETLYF
PB1	TRBV19*03	CASSGDSAETLYF
PB1	TRBV31*01	CAWSESSAETLYF
PB1	TRBV12-1*02	CASSGLDSAETLYF
PB1	TRBV31*02	CAWSPDSAETLYF
PB1	TRBV14*01	CASSFWDSAETLYF
PB1	TRBV4*01	CASSSDSNERLFF
PB1	TRBV13-2*04	CASGDDSAETLYF
PB1	TRBV19*03	CASGTDSAETLYF
PB1	TRBV13-1*02	CASSGRDSAETLYF
PB1	TRBV4*01	CASSRSSAETLYF
PB1	TRBV13-2*04	CAIAGSSAETLYF
PB1	TRBV19*03	CASRGLESAETLYF
PB1	TRBV4*01	CASSIDSAETLYF
PB1	TRBV29*01	CASMGTSAETLYF
PB1	TRBV4*01	CASSLGLGLIYEQYF
PB1	TRBV1*01	CTCSGLDSAETLYF
PB1	TRBV5*01	CASSQDSAETLYF
PB1	TRBV13-3*01	CASRGQDSAETLYF
PA	TRBV19*01	CASSIGGEVFF
PA	TRBV29*01	CASSGGAEVFF
PA	TRBV29*01	CASTEGGEQYF
PA	TRBV19*01	CASSIGSEQFF
PA	TRBV29*01	CASSGGNEQYF
PA	TRBV29*01	CASTLGGEVFF
PA	TRBV29*01	CASSSGGGVFF
PA	TRBV29*01	CASSFGERLFF
PA	TRBV29*01	CASSLSSRGPNSDYTF
PB1	TRBV29*01	CASSWDSAETLYF
PB1	TRBV13-3*01	CASSDDWETLYF
PB1	TRBV13-1*02	CASSERDWGGEQYF
PB1	TRBV1*01	CTCSADRENTEVFF
PB1	TRBV1*01	CTCSADRINQDTQYF
PB1	TRBV4*01	CASSSDSAETLYF
PB1	TRBV13-2*04	CASGGDSSAETLYF
PB1	TRBV4*01	CASSSDSAETLYF
PB1	TRBV1*01	CTCSGRTSAETLYF
PB1	TRBV13-3*01	CASSDDTYAEQFF
PB1	TRBV5*01	CASSQEDTSNERLFF
PB1	TRBV12-1*01	CASSLGTDQDTQYF
PB1	TRBV4*01	CAIRATSAETLYF
PB1	TRBV12-2*01	CASSLFPGQANSDYTF
PB1	TRBV13-3*01	CASSDAPTSNERLFF
PB1	TRBV29*01	CASSNLEAEQFF
PB1	TRBV16*01	CASSSPRDRGTSAETLYF
PB1	TRBV5*01	CASSQDSAETLYF
NP	TRBV13-1*02	CASSDNYNSPLYF
NP	TRBV2*01	CASSQDSYANTEVFF
m139	TRBV26*01	CASSLTLQDTQYF
m139	TRBV26*01	CASSQTGVEQYF
m139	TRBV26*01	CASSLDRNTGQLYF
m139	TRBV26*01	CASSQTGVEQYF
m139	TRBV4*01	CASSASGRAEQFF
m139	TRBV19*01	CASSIRKNTEVFF
m139	TRBV26*01	CASSLTLQDTQYF
m139	TRBV29*01	CASSFPGKGTGQLYF
m139	TRBV13-2*04	CASGDKYAEQFF
m139	TRBV13-1*02	CASSDAQWTNTEVFF
m139	TRBV2*01	CASSQDKGQANTEVFF
m139	TRBV4*01	CASSETGDEQYF
m139	TRBV13-2*04	CASGETSQNTLYF
m139	TRBV13-3*01	CASSGTGVGNTLYF
m139	TRBV13-1*02	CASSGGSAETLYF
m139	TRBV2*01	CASSQDLGTANTEVFF
m139	TRBV13-1*02	CASSGGSAETLYF
PB1	TRBV19*03	CASNPGQSAETLYF
PB1	TRBV4*01	CASSRDSAETLYF
PB1	TRBV14*01	CASSFADSAETLYF
PB1	TRBV4*01	CASSRDSAETLYF
PB1	TRBV19*03	CASSPPTDSAETLYF
PB1	TRBV14*01	CASSFQDSAETLYF
PB1	TRBV19*03	CASSLESAETLYF
PB1	TRBV13-2*04	CASGGDSSAETLYF
PB1	TRBV19*01	CASSRDSAETLYF
PB1	TRBV13-3*01	CASSDGFYEQYF
PB1	TRBV15*01	CASSSDSAETLYF
PB1	TRBV14*01	CASSWASAETLYF
PB1	TRBV29*01	CASSFGTYAEQFF
PB1	TRBV31*01	CAWSGDSAETLYF
PB1	TRBV4*01	CASSSDSAETLYF
PB1	TRBV14*01	CATGTGSSAETLYF
PB1	TRBV4*01	CASSSDSAETLYF
PB1	TRBV14*01	CASSFGSAETLYF
PB1	TRBV31*02	CAWTPDSAETLYF
PB1	TRBV19*03	CASSLDSAETLYF
PB1	TRBV12-2*01	CASSQDSAETLYF
PB1	TRBV4*01	CASSSDSAETLYF
PB1	TRBV14*01	CASSWASAETLYF
PB1	TRBV13-2*04	CASGGDSSAETLYF
PB1	TRBV4*01	CASSFDSAETLYF
PB1	TRBV29*01	CASTRGESAETLYF
PB1	TRBV4*01	CASSSDSAETLYF
PB1	TRBV13-2*04	CASGGTDSAETLYF
PB1	TRBV14*01	CATGTGSSAETLYF
PB1	TRBV13-2*04	CASGEPGQGQDTQYF
PB1	TRBV29*01	CASSTGFYNSPLYF
PB1	TRBV13-2*04	CASGERRDRGDNERLFF
PB1	TRBV13-2*04	CASGERRDRGDNERLFF
PB1	TRBV13-2*04	CASGGDSAETLYF
PB1	TRBV14*01	CASSRDSAETLYF
PB1	TRBV19*01	CASTGDSAETLYF
PB1	TRBV15*01	CASSSDSAETLYF
PB1	TRBV15*01	CASSSDSAETLYF
PB1	TRBV4*01	CASSGSSAETLYF
PB1	TRBV13-1*02	CASSGGSNTGQLYF
PB1	TRBV14*01	CASSWASAETLYF
PB1	TRBV26*01	CASSLDSAETLYF
PB1	TRBV17*01	CASSGDSAETLYF
PB1	TRBV15*01	CASSSDSAETLYF
PB1	TRBV19*03	CASRGGESAETLYF
PB1	TRBV12-1*01	CASSLAQNTGQLYF
PB1	TRBV13-2*04	CASGGDSAETLYF
PB1	TRBV19*03	CASIPGLGGSAETLYF
PB1	TRBV15*01	CASTGTDSAETLYF
PB1	TRBV14*01	CASSFDSAETLYF
PB1	TRBV15*01	CASSPGTGKNTLYF
PB1	TRBV15*01	CASSSDSAETLYF
PB1	TRBV13-2*04	CASGEPGQGQDTQYF
PB1	TRBV12-1*02	CASSGTDSAETLYF
M45	TRBV17*01	CASSRLGSSAETLYF
M45	TRBV17*01	CASSRLGTSAETLYF
M45	TRBV29*01	CASSFRGDNQAPLF
M45	TRBV17*01	CASSSWGVSAETLYF
M45	TRBV17*01	CASSRLGSSAETLYF
M45	TRBV29*01	CASSWKGDNSPLYF
M45	TRBV12-1*01	CASSLTGDYAEQFF
M45	TRBV12-1*01	CASSLTGDYAEQFF
M45	TRBV17*01	CASSPTGVAEQFF
M45	TRBV17*01	CASSSMGGAAETLYF
M45	TRBV17*01	CASSPLGTSAETLYF
M45	TRBV12-1*02	CASSRQNSDYTF
M45	TRBV17*01	CASSRLGSSAETLYF
M45	TRBV17*01	CASSGLGTSAETLYF
M45	TRBV17*01	CASSPLGSSAETLYF
PB1	TRBV12-1*01	CASSHGRGNTLYF
PB1	TRBV13-2*04	CASGDTSAETLYF
PB1	TRBV15*01	CASSSDSAETLYF
PB1	TRBV4*01	CASTGGSAETLYF
PB1	TRBV13-1*02	CASSDGEQYF
PB1	TRBV15*01	CASSLDWGYEQYF
PB1	TRBV5*04	CASSPTGGDAETLYF
PB1	TRBV1*01	CTCSAQTYEQYF
PB1	TRBV13-3*01	CASSDSKNTEVFF
PB1	TRBV29*01	CASTGDRGEVFF
PB1	TRBV5*01	CASSQERGETYEQYF
PB1	TRBV4*01	CASSFNSAETLYF
PB1	TRBV26*01	CASSLSGEGNTEVFF
PB1	TRBV12-2*01	CASSLGQAGDEQYF
PB1	TRBV14*01	CASRGQTSAETLYF
PA	TRBV29*01	CASSQGREQYF
PA	TRBV29*01	CASSFGQAPLF
PA	TRBV29*01	CASSWDRGEQYF
PA	TRBV13-3*01	CASSGTGGHERLFF
PA	TRBV29*01	CASSEGREQYF
PA	TRBV13-3*01	CASSDAGGQNTLYF
PA	TRBV29*01	CASSLGGYEQYF
PB1	TRBV4*01	CASSTESAETLYF
PB1	TRBV15*01	CASSSDSAETLYF
PB1	TRBV12-1*02	CASWGDSAETLYF
PB1	TRBV15*01	CASSSDSAETLYF
PB1	TRBV4*01	CASSSDSAETLYF
PB1	TRBV16*01	CASSGTDSAETLYF
m139	TRBV19*03	CASSPGTGGDTEVFF
m139	TRBV13-1*02	CASSAGTSEVFF
m139	TRBV13-1*02	CASSAGTSEVFF
m139	TRBV19*01	CASSIRNYAEQFF
m139	TRBV19*01	CASSINRGNTLYF
m139	TRBV26*01	CASSQGPDYTF
m139	TRBV16*01	CASSLDWGGVNQDTQYF
m139	TRBV19*01	CASSTGTPNSDYTF
m139	TRBV13-1*02	CASSDAGGARVFF
m139	TRBV13-1*02	CASSEGVTEVFF
m139	TRBV13-3*01	CASTGAGNTLYF
m139	TRBV26*01	CASSQDRNTGQLYF
m139	TRBV4*01	CASSGTGQDTQYF
m139	TRBV13-2*01	CASGDAGTGVYAEQFF
m139	TRBV4*01	CASSRTGQDTQYF
m139	TRBV4*01	CASSGTGQNTQYF
m139	TRBV12-2*01	CASSPLTGGAYEQYF
m139	TRBV13-1*02	CASSEGITEVFF
m139	TRBV13-2*01	CASGAGPYEQYF
m139	TRBV13-1*02	CASSDHRATEVFF
m139	TRBV13-1*02	CASTSGVGQDTQYF
m139	TRBV4*01	CASSGTGQDTQYF
m139	TRBV17*01	CASSSTGRNTQYF
M38	TRBV1*01	CTCSAGTGGYNYAEQFF
M38	TRBV1*01	CTCSGGTGGYNYAEQFF
M38	TRBV14*01	CATGTGSSAETLYF
M38	TRBV1*01	CTCSGGTGGYNYAEQFF
M38	TRBV14*01	CATGTGSSAETLYF
M38	TRBV1*01	CTCSASPERLFF
M38	TRBV5*04	CASSQDGSQNTLYF
M38	TRBV5*04	CASSAGTGGFNYAEQFF
M38	TRBV1*01	CTCSGGTGGYNYAEQFF
M38	TRBV4*01	CASSFGTANSDYTF
PB1	TRBV16*01	CASSPTSAETLYF
PB1	TRBV4*01	CASSQDSAETLYF
PB1	TRBV12-1*02	CASSGDSAETLYF
PB1	TRBV14*01	CASSLDSAETLYF
PB1	TRBV15*01	CASSLPDSAETLYF
PB1	TRBV26*01	CASSPGDSAETLYF
PB1	TRBV31*02	CAWTASSNERLFF
PB1	TRBV13-2*04	CASGGGDSAETLYF
PB1	TRBV19*03	CASSTGINQDTQYF
PB1	TRBV13-2*04	CASGGLDSAETLYF
PB1	TRBV13-3*01	CASSGDSAETLYF
PB1	TRBV19*03	CASRDWDSAETLYF
PB1	TRBV31*02	CAWTGTSAETLYF
PB1	TRBV5*01	CASSQAERTNTGQLYF
PB1	TRBV4*01	CASSLDSAETLYF
PB1	TRBV13-1*02	CASSDGTEVFF
PB1	TRBV4*01	CASSSDSAETLYF
PB1	TRBV5*01	CASSQDSAETLYF
PB1	TRBV14*01	CASSWDSQNTLYF
PB1	TRBV13-2*04	CASGGTDSAETLYF
PB1	TRBV15*01	CASSQDSAETLYF
PB1	TRBV15*01	CASSLDSAETLYF
PB1	TRBV13-2*04	CASGDPGIQDTQYF
PB1	TRBV13-1*02	CASSGGSNTGQLYF
PB1	TRBV31*02	CAWTASSNERLFF
PB1	TRBV13-2*04	CATTGSSAETLYF
PB1	TRBV13-2*04	CACGGTDSAETLYF
PB1	TRBV15*01	CASSGDSAETLYF
PB1	TRBV13-1*02	CASSDDSAETLYF
PB1	TRBV5*01	CASSQDSAETLYF
PB1	TRBV12-1*02	CASSGSSAETLYF
PB1	TRBV13-2*04	CASGEDSAETLYF
PB1	TRBV31*02	CAWTGFSNERLFF
PB1	TRBV4*01	CASSSDSAETLYF
PB1	TRBV26*01	CASSLDSAETLYF
PB1	TRBV19*03	CASSPDSAETLYF
PB1	TRBV4*01	CASTGTSNERLFF
PB1	TRBV16*01	CASSGHSAETLYF
PB1	TRBV1*01	CTCSGDSAETLYF
PB1	TRBV17*01	CASSTGGAYEQYF
PB1	TRBV26*01	CASSLHRANTEVFF
PB1	TRBV15*01	CASSGDSAETLYF
PB1	TRBV14*01	CASNGGSSAETLYF
PB1	TRBV13-2*04	CASGDREEQYF
PB1	TRBV14*01	CASSRDSAETLYF
PB1	TRBV14*01	CASRGHSSAETLYF
PB1	TRBV4*01	CASSSTSAETLYF
PB1	TRBV17*01	CASSRDSAETLYF
PB1	TRBV14*01	CASSRDSAETLYF
PB1	TRBV15*01	CASSSPDSAETLYF
PB1	TRBV13-2*04	CASGDDDAEQFF
PB1	TRBV14*01	CASSFTGGTGQLYF
PB1	TRBV4*01	CASSSDSAETLYF
PB1	TRBV14*01	CASSNLDSAETLYF
PB1	TRBV31*01	CAWSLGDSAETLYF
PB1	TRBV4*01	CASSSDSAETLYF
PB1	TRBV13-2*04	CASGGDSAETLYF
PB1	TRBV4*01	CASSPYWGARGAETLYF
PB1	TRBV14*01	CASSFRDSAETLYF
PB1	TRBV13-1*02	CASRDLDSAETLYF
PA	TRBV19*01	CASSIGSEQYF
PA	TRBV19*01	CASSIGERLFF
PA	TRBV29*01	CASTMGERLFF
PA	TRBV2*01	CASSQEGDSYEQYF
PA	TRBV29*01	CASSHDRGQLYF
PA	TRBV2*01	CASSQEGGPNSDYTF
PA	TRBV29*01	CASSQGDTQYF
PA	TRBV29*01	CASSSYEQYF
PA	TRBV29*01	CASSLDRGQVFF
PA	TRBV29*01	CASSLGERLFF
PA	TRBV29*01	CASSLGGYEQYF
PA	TRBV29*01	CASSFGQAPLF
PA	TRBV29*01	CASTSGTGVVFF
PA	TRBV29*01	CASSPDRGALYF
PA	TRBV29*01	CASSSYEQYF
PA	TRBV14*01	CASSGDWGGETLYF
PA	TRBV29*01	CASSLGERLFF
PA	TRBV29*01	CASSSGETLYF
PA	TRBV29*01	CASSPDRGALYF
PA	TRBV2*01	CASSQETGGVTYEQYF
PA	TRBV29*01	CASSSYEQYF
PA	TRBV29*01	CASSHDRGQLYF
PA	TRBV29*01	CASSPDRGALYF
PA	TRBV19*01	CASSIGGEVFF
PA	TRBV19*01	CASSIGGEQYF
PA	TRBV13-1*02	CASSDADWGVGETLYF
PA	TRBV29*01	CASSLGGYEQYF
PA	TRBV29*01	CASSSGETLYF
PA	TRBV17*01	CASSRETGVSYEQYF
PA	TRBV29*01	CASSLGAEQFF
PA	TRBV13-2*04	CASGDRDWEVYEQYF
PA	TRBV13-1*02	CASSGNAEQFF
PA	TRBV29*01	CASSLSGYEQYF
PA	TRBV29*01	CASSPDRGEQYF
PA	TRBV29*01	CASSSYEQYF
PA	TRBV29*01	CASSGGSTLYF
PA	TRBV29*01	CASSLFGEQYF
PA	TRBV29*01	CASSPDRGRLFF
PA	TRBV19*01	CASSIGGEQYF
PA	TRBV19*03	CASSLRDWENAEQFF
PA	TRBV29*01	CASSPDRGQVFF
PA	TRBV13-3*01	CASSERDREDEQYF
PA	TRBV13-3*01	CASTGGYEQYF
PA	TRBV19*03	CGSAGGAEQYF
PA	TRBV29*01	CASWDSNQAPLF
PA	TRBV29*01	CASSSYEQYF
PA	TRBV13-3*01	CASSETGGHSDYTF
PA	TRBV29*01	CASSSYEQYF
PA	TRBV29*01	CASSLGGEQYF
PA	TRBV19*01	CASSTGAEQFF
PA	TRBV19*01	CASSISLRQFSAETLYF
PA	TRBV29*01	CASSFGGEVFF
PA	TRBV29*01	CASSTGSEVFF
PA	TRBV29*01	CASSAPNTLYF
NP	TRBV31*01	CAWSLGTGISDYTF
NP	TRBV12-1*01	CASSPEQRSSGNTLYF
NP	TRBV13-1*02	CASRGGGNTGQLYF
NP	TRBV12-2*01	CASSLDRRNSYNSPLYF
NP	TRBV2*01	CASSQDRRSSYNSPLYF
NP	TRBV12-1*02	CASSRGPSSYEQYF
NP	TRBV13-1*02	CASSGGANTGQLYF
NP	TRBV12-2*01	CASSLDRRNSYNSPLYF
NP	TRBV16*01	CASSDWGGKDTQYF
NP	TRBV13-1*02	CASRGGSNTGQLYF
NP	TRBV19*01	CASSIFRGRRTLYF
NP	TRBV13-1*02	CASSGGQGNSPLYF
NP	TRBV2*01	CASSQDRTGEYEQYF
NP	TRBV3*01	CASSLKRGGYAEQFF
NP	TRBV17*01	CASSRDRSYEQYF
NP	TRBV12-1*01	CASSPGPSSYEQYF
NP	TRBV2*01	CASSQDRRNSYNSPLYF
NP	TRBV16*01	CASSLADWGGRSSYEQYF
NP	TRBV13-1*02	CASSGGSNTGQLYF
NP	TRBV13-1*02	CASSGGANTGQLYF
NP	TRBV13-2*04	CASGADSAETLYF
NP	TRBV13-1*02	CASSGGANTGQLYF
NP	TRBV20*01	CGARDRDWGQNTLYF
NP	TRBV16*01	CASSLARDEQYF
NP	TRBV12-2*01	CASSLDRRNSYNSPLYF
NP	TRBV13-3*01	CASNSGTEVFF
NP	TRBV13-1*02	CASKGGGGTGQLYF
NP	TRBV5*01	CASSQDMGGYSYEQYF
NP	TRBV3*01	CASSLKRGGYAEQFF
NP	TRBV13-1*02	CASSDARTTEVFF
NP	TRBV20*01	CGARDGGGEQYF
NP	TRBV13-1*02	CASSGGANTGQLYF
NP	TRBV13-1*02	CASSGGSNTGQLYF
NP	TRBV13-1*02	CASSGGANTGQLYF
NP	TRBV13-1*02	CASKGGSNTGQLYF
NP	TRBV20*01	CGARGLGRAEQFF
NP	TRBV16*01	CASSLGGQKNTLYF
F2	TRBV19*03	CASSRGDYAEQFF
F2	TRBV19*03	CASSPGTGGAETLYF
F2	TRBV19*01	CASSPGMLEQYF
F2	TRBV19*01	CASSIGDTGQLYF
F2	TRBV16*01	CASSLAHQDTQYF
F2	TRBV29*01	CASSLLQLQDTQYF
F2	TRBV19*01	CASSIGQYNSPLYF
F2	TRBV29*01	CASSLLLGVYAEQFF
F2	TRBV19*01	CASSIGDYAEQFF
F2	TRBV19*01	CASSIGQYNSPLYF
F2	TRBV19*03	CASSPGTNTEVFF
F2	TRBV19*01	CASSIGQYNSPLYF
F2	TRBV19*03	CASSPGTGGTERLFF
F2	TRBV29*01	CASSLSQGARAEQFF
F2	TRBV19*03	CASSPGMLEQYF
F2	TRBV29*01	CASSLSQGARAEQFF
F2	TRBV19*01	CASSIDLTGTYEQYF
F2	TRBV19*03	CASSPGMLEQYF
F2	TRBV19*03	CASSAGSWDTQYF
F2	TRBV19*03	CASSWGDYAEQFF
F2	TRBV19*03	CASSSGTGYTEVFF
NP	TRBV13-1*02	CASSGGGNTGQLYF
NP	TRBV1*01	CTCSADYRNSYNSPLYF
NP	TRBV13-1*02	CASSGGGNTGQLYF
NP	TRBV1*01	CTCSADYRNSYNSPLYF
NP	TRBV31*01	CAWSLAGYEQYF
NP	TRBV1*01	CTCSADYRNSYNSPLYF
NP	TRBV20*01	CGARDGGGEVFF
NP	TRBV1*01	CTCSADYRNSYNSPLYF
NP	TRBV2*01	CASSQDRRNSYNSPLYF
NP	TRBV19*01	CASSILGGGAETLYF
NP	TRBV20*01	CGARDGGGEVFF
NP	TRBV1*01	CTCSGWESSYEQYF
NP	TRBV20*01	CGARDGGGEVFF
NP	TRBV1*01	CTCSGWESSYEQYF
NP	TRBV12-2*01	CASSLWGGNEQYF
NP	TRBV13-1*02	CASRGGANTGQLYF
NP	TRBV13-1*02	CASSGGANTGQLYF
NP	TRBV12-1*01	CASSLGDSLYNSPLYF
NP	TRBV13-1*02	CASSGGGNTGQLYF
NP	TRBV1*01	CTCSADYRNSYNSPLYF
NP	TRBV20*01	CGARDGGGEVFF
NP	TRBV13-1*02	CASSGGANTGQLYF
NP	TRBV13-1*02	CASSGGANTGQLYF
NP	TRBV13-1*02	CASNDNYNSPLYF
NP	TRBV16*01	CASSSWGGARAEQFF
NP	TRBV19*01	CASSILGGGAETLYF
NP	TRBV13-1*02	CASSGGSNTGQLYF
NP	TRBV13-1*02	CASSGGANTGQLYF
NP	TRBV2*01	CASSQDRRNSYNSPLYF
NP	TRBV13-1*02	CASSGGANTGQLYF
NP	TRBV2*01	CASSQDRRNSYNSPLYF
NP	TRBV5*01	CASSQDLGGRYEQYF
NP	TRBV2*01	CASSQDRRNSYNSPLYF
NP	TRBV2*01	CASSQDRRSSYNSPLYF
NP	TRBV13-1*02	CASSGGALTGQLYF
NP	TRBV13-3*01	CASRDSANTEVFF
M38	TRBV4*01	CASSRDWNTGQLYF
M38	TRBV1*01	CTCSAGTGGYNYAEQFF
M38	TRBV4*01	CASSPGTGGYNYAEQFF
M38	TRBV13-2*04	CASGDRTGGYNYAEQFF
M38	TRBV17*01	CASSRDQNTGQLYF
M38	TRBV1*01	CTCSAGTGGYNYAEQFF
M38	TRBV4*01	CASSPGTGGYNYAEQFF
M38	TRBV17*01	CASSRDQNTGQLYF
M45	TRBV13-1*02	CASSDPGGAGAETLYF
M45	TRBV1*01	CTCSGGTGGYNYAEQFF
M45	TRBV12-1*02	CASSSGGGSQNTLYF
M45	TRBV1*01	CTCSAGTGGYNYAEQFF
M45	TRBV15*01	CASSFTANSDYTF
M45	TRBV17*01	CASSRDWGPEDTQYF
M45	TRBV29*01	CASSFRGDYAEQFF
M45	TRBV13-2*04	CASGDRDWGDEQYF
M45	TRBV12-1*01	CASSLGGGGQLYF
M45	TRBV29*01	CASSFRGDTEVFF
M45	TRBV17*01	CASSRLGVSAETLYF
M45	TRBV17*01	CASSSGGDWGFNQDTQYF
M45	TRBV12-1*01	CASSLGGQNTLYF
M45	TRBV26*01	CASSLVGQGPDYTF
M45	TRBV13-2*01	CASGGDWGLNQDTQYF
M45	TRBV12-1*01	CASSLLGDYAEQFF
M45	TRBV17*01	CASSRLGVSAETLYF
M45	TRBV29*01	CASSYRGDTEVFF
M45	TRBV12-1*01	CASSLMGAPYEQYF
M45	TRBV17*01	CASSPLGASAETLYF
M45	TRBV17*01	CASSQLGTSAETLYF
M45	TRBV13-1*02	CASSDQQGLSAETLYF
M45	TRBV29*01	CASSFRGDYAEQFF
M45	TRBV13-3*01	CASSLRERAETLYF
M45	TRBV29*01	CASSFRGDYAEQFF
M45	TRBV3*01	CASSLRQGNTEVFF
M45	TRBV17*01	CASSPLGSSAETLYF
M45	TRBV12-1*01	CASSLTSNSDYTF
M45	TRBV14*01	CASSFSGLYEQYF
M45	TRBV12-1*01	CASSLAREDTQYF
M45	TRBV16*01	CASSLEDWGKDTQYF
M45	TRBV29*01	CASSFRGDQNTLYF
M45	TRBV12-1*01	CASSLTSNSDYTF
M45	TRBV12-1*02	CASSSPGLGDYAEQFF
M45	TRBV5*04	CASSHLGSYEQYF
M45	TRBV17*01	CASSPLGGSAETLYF
M45	TRBV31*01	CAWSPLTGGESGNTLYF
M45	TRBV12-1*01	CASSLGGQNTLYF
M45	TRBV5*04	CASSQNWGGAETLYF
M45	TRBV13-1*02	CASSDVGTINERLFF
M45	TRBV12-1*01	CASSLASQDTQYF
M45	TRBV30*01	CSSRDGGASYEQYF
M45	TRBV17*01	CASSRLGSSAETLYF
M45	TRBV13-1*02	CATPLGPWEQYF
M45	TRBV17*01	CASSPLGSSAETLYF
M45	TRBV13-3*01	CASSGTGIHEQYF
M45	TRBV1*01	CTCSAGTGGYNYAEQFF
M45	TRBV12-1*02	CASSGTANSDYTF
M45	TRBV17*01	CASSRLGASAETLYF
M45	TRBV17*01	CASSPLGASAETLYF
M45	TRBV17*01	CASSRLGASAETLYF
M45	TRBV12-1*02	CASSFSANSDYTF
M45	TRBV31*01	CAWSPGTGGYNYAEQFF
M45	TRBV15*01	CASSLPGGDTEVFF
M45	TRBV13-1*02	CASSDWGEADTQYF
M45	TRBV13-2*04	CASGDRDWGDEQYF
M45	TRBV19*03	CASSGTGEDEQYF
M45	TRBV14*01	CASRGQSSAETLYF
M45	TRBV17*01	CASSSMGASAETLYF
M45	TRBV12-1*02	CASSLGGRFEQYF
M45	TRBV4*01	CASSYWGGSYEQYF
M45	TRBV12-1*01	CASSLQGGEQYF
M45	TRBV4*01	CASSPGLGGHYEQYF
M45	TRBV17*01	CASSRLGTSAETLYF
M45	TRBV13-1*02	CASSDLDRSYEQYF
M45	TRBV17*01	CASSNDWGVDAEQFF
M45	TRBV29*01	CASSFRGDYAEQFF
M45	TRBV12-1*01	CASSLGGVSYKQYF
M45	TRBV17*01	CASSRNWGAQDTQYF
M45	TRBV13-1*02	CASSGPNSDYTF
M45	TRBV13-2*04	CASGDGTGGDTQYF
M45	TRBV17*01	CASSRLGASAETLYF
M45	TRBV12-2*01	CASSLEDWGDSQNTLYF
M45	TRBV17*01	CASSSLGSSAETLYF
PB1	TRBV2*01	CASSWTGEDTLYF
PB1	TRBV4*01	CASSHDSAETLYF
PB1	TRBV15*01	CASSLDPGEQYF
PB1	TRBV1*01	CTCSGTDSAETLYF
PB1	TRBV13-3*01	CASSDSGYEQYF
PB1	TRBV19*03	CAIETTSAETLYF
PB1	TRBV13-2*04	CASGEDSAETLYF
PB1	TRBV13-1*02	CASSDLREGGEQYF
PB1	TRBV13-1*02	CASSDAGQIYEQYF
PB1	TRBV14*01	CASSPDSAETLYF
PB1	TRBV4*01	CASTGTSAETLYF
PB1	TRBV17*01	CASSRDSAETLYF
PB1	TRBV13-1*02	CASSDWGGAETLYF
PB1	TRBV13-2*04	CASGGGDSAETLYF
PB1	TRBV1*01	CTCSGDSAETLYF
PB1	TRBV13-1*02	CASSGDSAETLYF
PB1	TRBV29*01	CASSLSDSAETLYF
PB1	TRBV13-2*04	CASGGDSSAETLYF
PB1	TRBV13-2*04	CASGDGQNYAEQFF
PB1	TRBV4*01	CASSLDSAETLYF
PB1	TRBV4*01	CASSFSSAETLYF
PB1	TRBV16*01	CASSPDSTGQLYF
PB1	TRBV13-2*04	CASGGDSSAETLYF
PB1	TRBV14*01	CASSRDSAETLYF
PB1	TRBV1*01	CTCSGDSAETLYF
PB1	TRBV19*01	CASSIDSAETLYF
PB1	TRBV1*01	CTCSGDSAETLYF
PB1	TRBV14*01	CASSGDSAETLYF
PB1	TRBV14*01	CASSRDSAETLYF
PB1	TRBV29*01	CARRQGSAETLYF
PB1	TRBV14*01	CASSFRDSAETLYF
PB1	TRBV14*01	CASRPTTSAETLYF
PB1	TRBV29*01	CASSLTDTEVFF
PB1	TRBV14*01	CASSPDSAETLYF
PB1	TRBV31*01	CAWSLEDSAETLYF
PB1	TRBV16*01	CASSLQNSDYTF
PB1	TRBV17*01	CASSRDSAETLYF
PB1	TRBV4*01	CASSGDSAETLYF
PB1	TRBV5*01	CASSQDSAETLYF
PB1	TRBV29*01	CASSLKGTEVFF
F2	TRBV19*01	CASSFGTGNYAEQFF
F2	TRBV29*01	CASSLPEGPTGQLYF
F2	TRBV19*03	CASSPGANSDYTF
F2	TRBV19*01	CASSTGDYAEQFF
F2	TRBV19*01	CASSNWGTNTGQLYF
M45	TRBV12-1*01	CASSLAREDTQYF
M45	TRBV17*01	CASSRLGVSAETLYF
M45	TRBV12-1*01	CASSLLGDYEQYF
M45	TRBV1*01	CTCSAGDWGDEQYF
M45	TRBV29*01	CASSLRGDNSPLYF
M45	TRBV17*01	CASSRLGTSAETLYF
M45	TRBV17*01	CASSRLGTSAETLYF
M45	TRBV29*01	CASSFQGANTEVFF
M45	TRBV12-1*01	CASSPGSGNTLYF
M45	TRBV17*01	CASSRLGTSAETLYF
M45	TRBV19*03	CASNRREYNSPLYF
M45	TRBV29*01	CASSFRGDNSPLYF
M45	TRBV17*01	CASSSLGSSAETLYF
M45	TRBV12-1*02	CASSQGNQDTQYF
M45	TRBV17*01	CASSRLGTSAETLYF
M45	TRBV12-1*01	CASSLDVRDTGQLYF
M45	TRBV29*01	CASSFRGDSQAPLF
M45	TRBV17*01	CASSRAGNTGQLYF
M45	TRBV12-1*01	CASSLGTENTLYF
M38	TRBV3*01	CASSPGTGGYNYAEQFF
M38	TRBV13-3*01	CASSDGTGGYNYAEQFF
M38	TRBV1*01	CTCSAGTGGYNYAEQFF
M38	TRBV1*01	CTCSAGTGGYNYAEQFF
M38	TRBV1*01	CTCSAGTGGFNYAEQFF
M38	TRBV2*01	CASSQEDGNTLYF
M38	TRBV12-1*01	CASSLGDTQYF
M38	TRBV19*01	CASSIRTGGYNYAEQFF
M38	TRBV13-3*01	CASSAGTGGYNYAEQFF
M38	TRBV13-3*01	CASSTGTGGYNYAEQFF
M38	TRBV13-1*02	CASSEQGYEQYF
M38	TRBV4*01	CASSRDWGGYAEQFF
M38	TRBV1*01	CTCSAGTGGYNYAEQFF
M38	TRBV4*01	CASSRDWNTGQLYF
M38	TRBV1*01	CTCSAGTGGYNYAEQFF
M38	TRBV2*01	CASSQEKDWGYEQYF
M38	TRBV13-3*01	CASSPGTGGYNYAEQFF
M38	TRBV1*01	CTCSAGTGGYNYAEQFF
M38	TRBV1*01	CTCSAGTGGYNYAEQFF
M38	TRBV4*01	CASSSGTGYSDYTF
M38	TRBV13-1*02	CASNRDRGAEQFF
M38	TRBV1*01	CTCSPGTGGYNYAEQFF
M38	TRBV2*01	CASSQDRGNTLYF
M38	TRBV1*01	CTCSGGTGGYNYAEQFF
M38	TRBV1*01	CTCSAGTGGYNYAEQFF
M38	TRBV4*01	CASSPGTGGYNYAEQFF
M38	TRBV1*01	CTCSAGTGGYNYAEQFF
M38	TRBV1*01	CTCSAGTGGYNYAEQFF
M38	TRBV4*01	CASSPGTGGYNYAEQFF
M38	TRBV1*01	CTCSGGTGGYNYAEQFF
M38	TRBV1*01	CTCSAGTGGYNYAEQFF
M38	TRBV1*01	CTCSGGTGGYNYAEQFF
M38	TRBV31*01	CAWSGRTGGYNYAEQFF
M38	TRBV5*04	CASSPSTGGYNYAEQFF
M38	TRBV4*01	CASSTGTGGYNYAEQFF
M38	TRBV4*01	CASSPGTGGYNYAEQFF
M38	TRBV1*01	CTCSAGTGGYNYAEQFF
M38	TRBV3*01	CASSPGTGGYNYAEQFF
M38	TRBV4*01	CASSPGTGGYNYAEQFF
M38	TRBV1*01	CTCSAGTGGYNYAEQFF
M38	TRBV1*01	CTCSAGTGGYNYAEQFF
M38	TRBV1*01	CTCSAGTGGYNYAEQFF
PB1	TRBV31*02	CAWPSTSAETLYF
PB1	TRBV16*01	CASSFAGGGAETLYF
PB1	TRBV19*03	CASSLDSAETLYF
PB1	TRBV13-3*01	CASSGTGDTGQLYF
PB1	TRBV4*01	CASSGNSAETLYF
PB1	TRBV30*01	CSYGTTSAETLYF
PB1	TRBV4*01	CASSAGRGNTLYF
NP	TRBV13-1*02	CASRGGARTGQLYF
NP	TRBV13-1*02	CASRGGANTGQLYF
NP	TRBV13-1*02	CASRDSANTEVFF
NP	TRBV13-1*02	CASKGGANTGQLYF
NP	TRBV12-1*01	CASSPGPSSYEQYF
NP	TRBV13-1*02	CASSETGRRTEVFF
NP	TRBV16*01	CASSLARDTQYF
NP	TRBV13-1*02	CASSDATKTEVFF
NP	TRBV13-1*02	CASSGGSNTGQLYF
NP	TRBV13-1*02	CASSGGANTGQLYF
NP	TRBV29*01	CASSWGGRSSDYTF
M45	TRBV17*01	CASSTLGTSAETLYF
M45	TRBV13-1*02	CASSDADWGTYAEQFF
M45	TRBV29*01	CASRNRGDYAEQFF
M45	TRBV12-1*01	CASSLGTGDTGQLYF
M45	TRBV17*01	CASSRLGASAETLYF
M45	TRBV17*01	CASSRLGASAETLYF
M45	TRBV14*01	CASSSGFNYAEQFF
M45	TRBV1*01	CTCSADEGFYAEQFF
M45	TRBV17*01	CASSKFANTEVFF
M45	TRBV4*01	CASSPGTGGYNYAEQFF
M45	TRBV17*01	CASSRGWGGPENTLYF
M45	TRBV29*01	CASSAGQGDNYAEQFF
M45	TRBV17*01	CASSRLGTSAETLYF
M45	TRBV12-1*01	CASSLGTGDYAEQFF
M45	TRBV17*01	CASSRDWGGQDTQYF
F2	TRBV13-3*01	CASSDGGAGNTLYF
F2	TRBV29*01	CASSSGRGDTQYF
F2	TRBV19*01	CASSPGQYYAEQFF
F2	TRBV19*03	CASSPGASSDYTF
F2	TRBV19*03	CASSPGTGGWAPLF
F2	TRBV13-3*01	CASSWGLGNYAEQFF
F2	TRBV19*01	CASSIGDEQYF
F2	TRBV29*01	CASDLGGKDTQYF
F2	TRBV29*01	CASSFGREQYF
F2	TRBV13-3*01	CASSDARLGVDTQYF
F2	TRBV31*01	CAWSAYGDNYAEQFF
F2	TRBV4*01	CASSWGGALAEQFF
F2	TRBV19*03	CASAGGANTEVFF
F2	TRBV19*01	CASSMGTGFSDYTF
F2	TRBV19*03	CASSQGAYSDYTF
F2	TRBV19*03	CASSVGTLNYAEQFF
F2	TRBV19*01	CASSMGQGWEQYF
F2	TRBV13-2*01	CASGDAGSSYEQYF
PB1	TRBV14*01	CASSPDSAETLYF
PB1	TRBV4*01	CASSGNSAETLYF
PB1	TRBV13-2*04	CASGGDSAETLYF
PB1	TRBV5*01	CASSQDSAETLYF
PB1	TRBV19*03	CASRGTDSAETLYF
PB1	TRBV4*01	CASSGSSAETLYF
PB1	TRBV19*03	CASMSGSAETLYF
PB1	TRBV13-1*02	CASSGLDSAETLYF
PB1	TRBV12-2*01	CASSPPDSAETLYF
PB1	TRBV4*01	CASSADSAETLYF
PB1	TRBV13-2*04	CACGGTDSAETLYF
NP	TRBV24*02	CASSLGTGGIQNTLYF
NP	TRBV13-1*02	CASSGGAHTGQLYF
NP	TRBV2*01	CASSHSRGQVDTQYF
NP	TRBV5*04	CASSPRVFNQAPLF
NP	TRBV13-1*02	CASSGGANTGQLYF
NP	TRBV13-3*01	CASSDHRGTEVFF
NP	TRBV13-1*02	CASSGGANTGQLYF
m139	TRBV13-3*01	CASSDGLSPLYF
m139	TRBV19*03	CASSWDRGREQYF
m139	TRBV15*01	CASSFNRGNEQYF
m139	TRBV26*01	CASSTTSQNTLYF
m139	TRBV26*01	CASSTTSQNTLYF
m139	TRBV4*01	CASSSFSAETLYF
m139	TRBV16*01	CASSFDNYEQYF
m139	TRBV13-2*04	CASGDATGGAGQLYF
m139	TRBV17*01	CASSTGRNQNTLYF
m139	TRBV17*01	CASSPDKYEQYF
m139	TRBV19*03	CASSWDRGREQYF
m139	TRBV26*01	CASSPTNPAEQFF
m139	TRBV29*01	CASSFLRVYEQYF
m139	TRBV26*01	CASSPTNPAEQFF
m139	TRBV15*01	CASSFNRGNEQYF
m139	TRBV26*01	CASSLTGRDTQYF
m139	TRBV13-1*02	CASSLDRYNQDTQYF
m139	TRBV15*01	CASSFNRGNEQYF
m139	TRBV16*01	CASSLDNYEQYF
m139	TRBV26*01	CASSTTSQNTLYF
M45	TRBV12-1*02	CASSLGSAETLYF
M45	TRBV12-1*01	CASSLGGTGDYAEQFF
M45	TRBV17*01	CASSRLGTSAETLYF
M45	TRBV29*01	CASNFRGDYAEQFF
M45	TRBV29*01	CASSFRGDYAEQFF
M45	TRBV17*01	CASSSWGNQDTQYF
M45	TRBV12-1*01	CASSLPSEDTQYF
M45	TRBV12-1*01	CASSLGGTGDYAEQFF
M45	TRBV12-1*01	CASSLGQGDTGQLYF
M45	TRBV12-1*01	CASSPANQDTQYF
M45	TRBV29*01	CASNFRGDYAEQFF
M45	TRBV12-1*01	CASSLLGDSYEQYF
M45	TRBV14*01	CASSYGTDYAEQFF
M45	TRBV12-1*01	CASSLGGEDTQYF
M45	TRBV29*01	CASSLRGDNQAPLF
M45	TRBV29*01	CASSHREDTGQLYF
M45	TRBV13-3*01	CASSEVGSNSDYTF
M45	TRBV12-1*01	CASSQSNQDTQYF
M45	TRBV12-1*01	CASSLSGGFNAEQFF
M45	TRBV3*01	CASSLGDWGGAEQFF
NP	TRBV13-1*02	CASRGGANTGQLYF
NP	TRBV5*01	CASSQDLGGRYEQYF
NP	TRBV13-1*02	CASSGGSNTGQLYF
NP	TRBV16*01	CASSFGAANTEVFF
NP	TRBV26*01	CASSLWRDTLYF
NP	TRBV2*01	CASSQDRRNSYNSPLYF
NP	TRBV13-1*02	CASSGGSNTGQLYF
NP	TRBV16*01	CASSFGAANTEVFF
NP	TRBV26*01	CASSLWRDTLYF
NP	TRBV13-1*02	CASSGGGNTGQLYF
NP	TRBV13-1*02	CASSGGGNTGQLYF
NP	TRBV4*01	CASSSSGRDTQYF
NP	TRBV12-2*02	CASFPDRRNSYNSPLYF
NP	TRBV13-1*02	CASSGGGNTGQLYF
NP	TRBV13-1*02	CASSGGSNTGQLYF
NP	TRBV13-1*02	CASSGGSNTGQLYF
NP	TRBV13-1*02	CASSGGSNTGQLYF
M45	TRBV12-1*01	CASSLAKNSDYTF
M45	TRBV29*01	CASSFRGDYAEQFF
M45	TRBV12-1*01	CASSLTGGGDYAEQFF
M45	TRBV12-1*01	CASSLVGDQNTLYF
M45	TRBV12-1*01	CASSPGQGVSNERLFF
M45	TRBV13-2*04	CASGDRDWGDEQYF
M45	TRBV12-1*02	CASSPGGQNTLYF
M45	TRBV12-1*01	CASSLGSAETLYF
M45	TRBV12-1*02	CASSGTGGDYAEQFF
M45	TRBV12-1*01	CASSLGGGSQNTLYF
M45	TRBV29*01	CASSFRGDNQAPLF
M45	TRBV12-1*01	CASSLGGQDTQYF
M45	TRBV17*01	CASSRLGASAETLYF
M45	TRBV29*01	CASSLRGDNQAPLF
M45	TRBV19*03	CASRYRGDNQAPLF
M45	TRBV17*01	CASSPLGSSAETLYF
M45	TRBV13-3*01	CASSDWTSQAPLF
PA	TRBV29*01	CASSGPEVFF
PA	TRBV29*01	CASSLFPTEVFF
